<?xml version="1.0" encoding="UTF-8"?><CodeSystem xmlns="http://hl7.org/fhir"><id value="ScpLoincCompositionSection"/><text><status value="generated"/><div xmlns="http://www.w3.org/1999/xhtml"><p>This case-sensitive code system <code>https://terminology.cara.ch/CodeSystem/scp-loinc-composition-section</code> defines the following codes:</p><table class="codes"><tr><td style="white-space:nowrap"><b>Code</b></td><td><b>Display</b></td></tr><tr><td style="white-space:nowrap">29762-2<a name="ScpLoincCompositionSection-29762-2"> </a></td><td>Social history</td></tr><tr><td style="white-space:nowrap">11348-0<a name="ScpLoincCompositionSection-11348-0"> </a></td><td>Past medical history</td></tr><tr><td style="white-space:nowrap">29299-5<a name="ScpLoincCompositionSection-29299-5"> </a></td><td>Reason for visit</td></tr><tr><td style="white-space:nowrap">42348-3<a name="ScpLoincCompositionSection-42348-3"> </a></td><td>Advance directives</td></tr></table><p><b>Additional Language Displays</b></p><table class="codes"><tr><td><b>Code</b></td><td><b>Deutsch (Schweiz) (German (Switzerland), de)</b></td><td><b>English (United States) (English (United States), en)</b></td><td><b>French (Switzerland) (fr)</b></td><td><b>Italian (Switzerland) (it)</b></td><td><b>rm</b></td></tr><tr><td>29762-2</td><td>Sozialgeschichte</td><td>Social history</td><td>Histoire sociale</td><td>Storia sociale</td><td>Istorgia sociala</td></tr><tr><td>11348-0</td><td>Medizinische Vorgeschichte</td><td>Past medical history</td><td>Antécédents médicaux</td><td>Anamnesi medica</td><td>Antecedents medics</td></tr><tr><td>29299-5</td><td>Grund für den Besuch</td><td>Reason for visit</td><td>Raison de la visite</td><td>Motivo della visita</td><td>Raschun per la visita</td></tr><tr><td>42348-3</td><td>Vorausverfügungen</td><td>Advance directives</td><td>Directives anticipées</td><td>Direttive anticipate</td><td>Directivas anticipadas</td></tr></table></div></text><url value="https://terminology.cara.ch/CodeSystem/scp-loinc-composition-section"/><version value="0.1.0"/><name value="ScpLoincCompositionSection"/><title value="SCP - Goal Type - LOINC"/><status value="draft"/><experimental value="true"/><date value="2023-09-27T16:22:28+02:00"/><publisher value="CARA"/><contact><name value="CARA"/><telecom><system value="url"/><value value="https://www.cara.ch"/></telecom></contact><description value="Selection of Concepts coming from LOINC"/><caseSensitive value="true"/><content value="complete"/><concept><code value="29762-2"/><display value="Social history"/><designation><language value="en-US"/><value value="Social history"/></designation><designation><language value="rm-CH"/><value value="Istorgia sociala"/></designation><designation><language value="it-CH"/><value value="Storia sociale"/></designation><designation><language value="fr-CH"/><value value="Histoire sociale"/></designation><designation><language value="de-CH"/><value value="Sozialgeschichte"/></designation></concept><concept><code value="11348-0"/><display value="Past medical history"/><designation><language value="rm-CH"/><value value="Antecedents medics"/></designation><designation><language value="de-CH"/><value value="Medizinische Vorgeschichte"/></designation><designation><language value="it-CH"/><value value="Anamnesi medica"/></designation><designation><language value="en-US"/><value value="Past medical history"/></designation><designation><language value="fr-CH"/><value value="Antécédents médicaux"/></designation></concept><concept><code value="29299-5"/><display value="Reason for visit"/><designation><language value="fr-CH"/><value value="Raison de la visite"/></designation><designation><language value="it-CH"/><value value="Motivo della visita"/></designation><designation><language value="de-CH"/><value value="Grund für den Besuch"/></designation><designation><language value="rm-CH"/><value value="Raschun per la visita"/></designation><designation><language value="en-US"/><value value="Reason for visit"/></designation></concept><concept><code value="42348-3"/><display value="Advance directives"/><designation><language value="rm-CH"/><value value="Directivas anticipadas"/></designation><designation><language value="en-US"/><value value="Advance directives"/></designation><designation><language value="it-CH"/><value value="Direttive anticipate"/></designation><designation><language value="fr-CH"/><value value="Directives anticipées"/></designation><designation><language value="de-CH"/><value value="Vorausverfügungen"/></designation></concept></CodeSystem>