<?xml version="1.0" encoding="UTF-8"?><CodeSystem xmlns="http://hl7.org/fhir"><id value="ScpSnomedParameterType"/><text><status value="generated"/><div xmlns="http://www.w3.org/1999/xhtml"><p>This case-sensitive code system <code>https://terminology.cara.ch/CodeSystem/scp-parameter-type</code> defines the following codes:</p><table class="codes"><tr><td style="white-space:nowrap"><b>Code</b></td><td><b>Display</b></td></tr><tr><td style="white-space:nowrap">271649006<a name="ScpSnomedParameterType-271649006"> </a></td><td>Systolic blood pressure</td></tr><tr><td style="white-space:nowrap">271650006<a name="ScpSnomedParameterType-271650006"> </a></td><td>Diastolic Blood Pressure</td></tr><tr><td style="white-space:nowrap">27113001<a name="ScpSnomedParameterType-27113001"> </a></td><td>Body weight</td></tr><tr><td style="white-space:nowrap">86290005<a name="ScpSnomedParameterType-86290005"> </a></td><td>Respiratory rate</td></tr><tr><td style="white-space:nowrap">405176005<a name="ScpSnomedParameterType-405176005"> </a></td><td>Blood glucose status</td></tr><tr><td style="white-space:nowrap">408591000<a name="ScpSnomedParameterType-408591000"> </a></td><td>HBA1c target</td></tr><tr><td style="white-space:nowrap">8499008<a name="ScpSnomedParameterType-8499008"> </a></td><td>Pulse</td></tr><tr><td style="white-space:nowrap">103228002<a name="ScpSnomedParameterType-103228002"> </a></td><td>Blood oxygen saturation</td></tr><tr><td style="white-space:nowrap">386725007<a name="ScpSnomedParameterType-386725007"> </a></td><td>Body temperature</td></tr><tr><td style="white-space:nowrap">853681000000104<a name="ScpSnomedParameterType-853681000000104"> </a></td><td>Total cholesterol level</td></tr><tr><td style="white-space:nowrap">850991000000104<a name="ScpSnomedParameterType-850991000000104"> </a></td><td>Triglyceride level</td></tr><tr><td style="white-space:nowrap">1028861000000101<a name="ScpSnomedParameterType-1028861000000101"> </a></td><td>Plasma fasting LDL (low density lipoprotein) cholesterol level</td></tr><tr><td style="white-space:nowrap">1028841000000102<a name="ScpSnomedParameterType-1028841000000102"> </a></td><td>Plasma fasting HDL (high density lipoprotein) cholesterol level</td></tr></table><p><b>Additional Language Displays</b></p><table class="codes"><tr><td><b>Code</b></td><td><b>Deutsch (Schweiz) (German (Switzerland), de)</b></td><td><b>English (United States) (English (United States), en)</b></td><td><b>French (Switzerland) (fr)</b></td><td><b>Italian (Switzerland) (it)</b></td><td><b>rm</b></td></tr><tr><td>271649006</td><td>Systolischer Blutdruck</td><td>Systolic Blood Pressure</td><td>Tension artérielle systolique</td><td>Pressione sanguigna sistolica</td><td>Pressiun dal sang sistolica</td></tr><tr><td>271650006</td><td>Diastolischer Blutdruck</td><td>Diastolic Blood Pressure</td><td>Pression sanguine diastolique</td><td>Pressione sanguigna diastolica</td><td>Pressiun dal sang diastolica</td></tr><tr><td>27113001</td><td>Gewicht</td><td>Weight</td><td>Poids</td><td>Peso</td><td>Paisa</td></tr><tr><td>86290005</td><td>Atemfrequenz</td><td>Respiratory Rate</td><td>Taux respiratoire</td><td>Frequenza respiratoria</td><td>Frequenza da respirar</td></tr><tr><td>405176005</td><td>Blutzuckerstatus</td><td>Blood Glucose Status</td><td>Statut de glucose sanguin</td><td>Stato di glucosio nel sangue</td><td>Status da glucosa en il sang</td></tr><tr><td>408591000</td><td>HbA1c-Zielwert</td><td>HbA1c Target</td><td>Cible HbA1c</td><td>Obiettivo HbA1c</td><td>Target HbA1c</td></tr><tr><td>8499008</td><td>Puls</td><td>Pulse</td><td>Pouls</td><td>Polso</td><td>Puls</td></tr><tr><td>103228002</td><td>Blutsauerstoffsättigung</td><td>Blood Oxygen Saturation</td><td>Saturation en oxygène du sang</td><td>Saturazione dell'ossigeno nel sangue</td><td>Saturaziun d'oxigen en il sang</td></tr><tr><td>386725007</td><td>Körpertemperatur</td><td>Body Temperature</td><td>Température corporelle</td><td>Temperatura corporea</td><td>Temperatura dal corp</td></tr><tr><td>853681000000104</td><td>Gesamtcholesterinspiegel</td><td>Total Cholesterol Level</td><td>Taux total de cholestérol</td><td>Livello totale di colesterolo</td><td>Livello total da cholesterol</td></tr><tr><td>850991000000104</td><td>Triglyceridspiegel</td><td>Triglyceride Level</td><td>Taux de triglycérides</td><td>Livello di trigliceridi</td><td>Livello da triglicerids</td></tr><tr><td>1028861000000101</td><td>LDL-Cholesterinspiegel</td><td>LDL Cholesterol Level</td><td>Taux de cholestérol LDL</td><td>Livello di colesterolo LDL</td><td>Livello da cholesterol LDL</td></tr><tr><td>1028841000000102</td><td>HDL-Cholesterinspiegel</td><td>HDL Cholesterol Level</td><td>Taux de cholestérol HDL</td><td>Livello di colesterolo HDL</td><td>Livello da cholesterol HDL</td></tr></table></div></text><url value="https://terminology.cara.ch/CodeSystem/scp-parameter-type"/><version value="0.1.0"/><name value="ScpSnomedParameterType"/><title value="SCP - Parameter Type - SNOMED CT"/><status value="draft"/><experimental value="true"/><date value="2023-09-27T16:22:28+02:00"/><publisher value="CARA"/><contact><name value="CARA"/><telecom><system value="url"/><value value="https://www.cara.ch"/></telecom></contact><description value="Selection of Concepts coming from SNOMED CT"/><caseSensitive value="true"/><content value="complete"/><concept><code value="271649006"/><display value="Systolic blood pressure"/><designation><language value="rm-CH"/><value value="Pressiun dal sang sistolica"/></designation><designation><language value="it-CH"/><value value="Pressione sanguigna sistolica"/></designation><designation><language value="en-US"/><value value="Systolic Blood Pressure"/></designation><designation><language value="de-CH"/><value value="Systolischer Blutdruck"/></designation><designation><language value="fr-CH"/><value value="Tension artérielle systolique"/></designation></concept><concept><code value="271650006"/><display value="Diastolic Blood Pressure"/><designation><language value="de-CH"/><value value="Diastolischer Blutdruck"/></designation><designation><language value="en-US"/><value value="Diastolic Blood Pressure"/></designation><designation><language value="rm-CH"/><value value="Pressiun dal sang diastolica"/></designation><designation><language value="it-CH"/><value value="Pressione sanguigna diastolica"/></designation><designation><language value="fr-CH"/><value value="Pression sanguine diastolique"/></designation></concept><concept><code value="27113001"/><display value="Body weight"/><designation><language value="rm-CH"/><value value="Paisa"/></designation><designation><language value="en-US"/><value value="Weight"/></designation><designation><language value="it-CH"/><value value="Peso"/></designation><designation><language value="de-CH"/><value value="Gewicht"/></designation><designation><language value="fr-CH"/><value value="Poids"/></designation></concept><concept><code value="86290005"/><display value="Respiratory rate"/><designation><language value="it-CH"/><value value="Frequenza respiratoria"/></designation><designation><language value="rm-CH"/><value value="Frequenza da respirar"/></designation><designation><language value="en-US"/><value value="Respiratory Rate"/></designation><designation><language value="fr-CH"/><value value="Taux respiratoire"/></designation><designation><language value="de-CH"/><value value="Atemfrequenz"/></designation></concept><concept><code value="405176005"/><display value="Blood glucose status"/><designation><language value="it-CH"/><value value="Stato di glucosio nel sangue"/></designation><designation><language value="en-US"/><value value="Blood Glucose Status"/></designation><designation><language value="rm-CH"/><value value="Status da glucosa en il sang"/></designation><designation><language value="de-CH"/><value value="Blutzuckerstatus"/></designation><designation><language value="fr-CH"/><value value="Statut de glucose sanguin"/></designation></concept><concept><code value="408591000"/><display value="HBA1c target"/><designation><language value="fr-CH"/><value value="Cible HbA1c"/></designation><designation><language value="it-CH"/><value value="Obiettivo HbA1c"/></designation><designation><language value="rm-CH"/><value value="Target HbA1c"/></designation><designation><language value="en-US"/><value value="HbA1c Target"/></designation><designation><language value="de-CH"/><value value="HbA1c-Zielwert"/></designation></concept><concept><code value="8499008"/><display value="Pulse"/><designation><language value="de-CH"/><value value="Puls"/></designation><designation><language value="it-CH"/><value value="Polso"/></designation><designation><language value="rm-CH"/><value value="Puls"/></designation><designation><language value="fr-CH"/><value value="Pouls"/></designation><designation><language value="en-US"/><value value="Pulse"/></designation></concept><concept><code value="103228002"/><display value="Blood oxygen saturation"/><designation><language value="en-US"/><value value="Blood Oxygen Saturation"/></designation><designation><language value="rm-CH"/><value value="Saturaziun d'oxigen en il sang"/></designation><designation><language value="it-CH"/><value value="Saturazione dell'ossigeno nel sangue"/></designation><designation><language value="fr-CH"/><value value="Saturation en oxygène du sang"/></designation><designation><language value="de-CH"/><value value="Blutsauerstoffsättigung"/></designation></concept><concept><code value="386725007"/><display value="Body temperature"/><designation><language value="en-US"/><value value="Body Temperature"/></designation><designation><language value="rm-CH"/><value value="Temperatura dal corp"/></designation><designation><language value="de-CH"/><value value="Körpertemperatur"/></designation><designation><language value="fr-CH"/><value value="Température corporelle"/></designation><designation><language value="it-CH"/><value value="Temperatura corporea"/></designation></concept><concept><code value="853681000000104"/><display value="Total cholesterol level"/><designation><language value="rm-CH"/><value value="Livello total da cholesterol"/></designation><designation><language value="fr-CH"/><value value="Taux total de cholestérol"/></designation><designation><language value="it-CH"/><value value="Livello totale di colesterolo"/></designation><designation><language value="de-CH"/><value value="Gesamtcholesterinspiegel"/></designation><designation><language value="en-US"/><value value="Total Cholesterol Level"/></designation></concept><concept><code value="850991000000104"/><display value="Triglyceride level"/><designation><language value="it-CH"/><value value="Livello di trigliceridi"/></designation><designation><language value="de-CH"/><value value="Triglyceridspiegel"/></designation><designation><language value="en-US"/><value value="Triglyceride Level"/></designation><designation><language value="fr-CH"/><value value="Taux de triglycérides"/></designation><designation><language value="rm-CH"/><value value="Livello da triglicerids"/></designation></concept><concept><code value="1028861000000101"/><display value="Plasma fasting LDL (low density lipoprotein) cholesterol level"/><designation><language value="it-CH"/><value value="Livello di colesterolo LDL"/></designation><designation><language value="en-US"/><value value="LDL Cholesterol Level"/></designation><designation><language value="fr-CH"/><value value="Taux de cholestérol LDL"/></designation><designation><language value="de-CH"/><value value="LDL-Cholesterinspiegel"/></designation><designation><language value="rm-CH"/><value value="Livello da cholesterol LDL"/></designation></concept><concept><code value="1028841000000102"/><display value="Plasma fasting HDL (high density lipoprotein) cholesterol level"/><designation><language value="fr-CH"/><value value="Taux de cholestérol HDL"/></designation><designation><language value="rm-CH"/><value value="Livello da cholesterol HDL"/></designation><designation><language value="it-CH"/><value value="Livello di colesterolo HDL"/></designation><designation><language value="de-CH"/><value value="HDL-Cholesterinspiegel"/></designation><designation><language value="en-US"/><value value="HDL Cholesterol Level"/></designation></concept></CodeSystem>