<?xml version="1.0" encoding="UTF-8"?><CodeSystem xmlns="http://hl7.org/fhir"><id value="ScpSnomedParameterGroup"/><text><status value="generated"/><div xmlns="http://www.w3.org/1999/xhtml"><p>This case-sensitive code system <code>https://terminology.cara.ch/CodeSystem/scp-parameter-group</code> defines the following codes:</p><table class="codes"><tr><td style="white-space:nowrap"><b>Code</b></td><td><b>Display</b></td></tr><tr><td style="white-space:nowrap">75367002<a name="ScpSnomedParameterGroup-75367002"> </a></td><td>Blood pressure</td></tr><tr><td style="white-space:nowrap">1020831000000109<a name="ScpSnomedParameterGroup-1020831000000109"> </a></td><td>Lipid level</td></tr></table><p><b>Additional Language Displays</b></p><table class="codes"><tr><td><b>Code</b></td><td><b>Deutsch (Schweiz) (German (Switzerland), de)</b></td><td><b>English (United States) (English (United States), en)</b></td><td><b>French (Switzerland) (fr)</b></td><td><b>Italian (Switzerland) (it)</b></td><td><b>rm</b></td></tr><tr><td>75367002</td><td>Blutdruck</td><td>Blood Pressure</td><td>Pression artérielle</td><td>Pressione sanguigna</td><td>Pressiun dal sang</td></tr><tr><td>1020831000000109</td><td>Lipidspiegel</td><td>Lipid Level</td><td>Niveau de lipides</td><td>Livello di lipidi</td><td>Livello da lipids</td></tr></table></div></text><url value="https://terminology.cara.ch/CodeSystem/scp-parameter-group"/><version value="0.1.0"/><name value="ScpSnomedParameterGroup"/><title value="SCP - Parameter Group - SNOMED CT"/><status value="draft"/><experimental value="true"/><date value="2023-09-27T16:22:28+02:00"/><publisher value="CARA"/><contact><name value="CARA"/><telecom><system value="url"/><value value="https://www.cara.ch"/></telecom></contact><description value="Selection of Concepts coming from SNOMED CT"/><caseSensitive value="true"/><content value="complete"/><concept><code value="75367002"/><display value="Blood pressure"/><designation><language value="fr-CH"/><value value="Pression artérielle"/></designation><designation><language value="de-CH"/><value value="Blutdruck"/></designation><designation><language value="rm-CH"/><value value="Pressiun dal sang"/></designation><designation><language value="it-CH"/><value value="Pressione sanguigna"/></designation><designation><language value="en-US"/><value value="Blood Pressure"/></designation></concept><concept><code value="1020831000000109"/><display value="Lipid level"/><designation><language value="de-CH"/><value value="Lipidspiegel"/></designation><designation><language value="fr-CH"/><value value="Niveau de lipides"/></designation><designation><language value="it-CH"/><value value="Livello di lipidi"/></designation><designation><language value="rm-CH"/><value value="Livello da lipids"/></designation><designation><language value="en-US"/><value value="Lipid Level"/></designation></concept></CodeSystem>