<?xml version="1.0" encoding="UTF-8"?><CodeSystem xmlns="http://hl7.org/fhir"><id value="CaraLocale"/><text><status value="generated"/><div xmlns="http://www.w3.org/1999/xhtml"><p>This case-sensitive code system <code>https://terminology.cara.ch/CodeSystem/cara-locale</code> defines the following codes:</p><table class="codes"><tr><td style="white-space:nowrap"><b>Code</b></td><td><b>Display</b></td></tr><tr><td style="white-space:nowrap">fr-CH<a name="CaraLocale-fr-CH"> </a></td><td>French (Switzerland)</td></tr><tr><td style="white-space:nowrap">de-CH<a name="CaraLocale-de-CH"> </a></td><td>German (Switzerland)</td></tr><tr><td style="white-space:nowrap">it-CH<a name="CaraLocale-it-CH"> </a></td><td>Italian (Switzerland)</td></tr><tr><td style="white-space:nowrap">rm-CH<a name="CaraLocale-rm-CH"> </a></td><td>Romansh (Switzerland)</td></tr><tr><td style="white-space:nowrap">en-US<a name="CaraLocale-en-US"> </a></td><td>English (United States)</td></tr></table><p><b>Additional Language Displays</b></p><table class="codes"><tr><td><b>Code</b></td><td><b>Deutsch (Schweiz) (German (Switzerland), de)</b></td><td><b>English (United States) (English (United States), en)</b></td><td><b>French (Switzerland) (fr)</b></td><td><b>Italian (Switzerland) (it)</b></td><td><b>rm</b></td></tr><tr><td>fr-CH</td><td>Französisch</td><td>French</td><td>Français</td><td>Francese</td><td>Frantsais</td></tr><tr><td>de-CH</td><td>Deutsch</td><td>German</td><td>Allemand</td><td>Tedesco</td><td>Tudestg</td></tr><tr><td>it-CH</td><td>Italienisch</td><td>Italian</td><td>Italien</td><td>Italiano</td><td>Talian</td></tr><tr><td>rm-CH</td><td>Rätoromanisch</td><td>Romansh</td><td>Romanche</td><td>Romancio</td><td>Rumantsch</td></tr><tr><td>en-US</td><td>Englisch</td><td>English</td><td>Anglais</td><td>Inglese</td><td>Englais</td></tr></table></div></text><url value="https://terminology.cara.ch/CodeSystem/cara-locale"/><version value="0.1.0"/><name value="CaraLocale"/><title value="CARA - Locales"/><status value="draft"/><experimental value="true"/><date value="2023-09-27T16:22:28+02:00"/><publisher value="CARA"/><contact><name value="CARA"/><telecom><system value="url"/><value value="https://www.cara.ch"/></telecom></contact><description value="Provide the official Locales managed by the CARA Platform."/><caseSensitive value="true"/><content value="complete"/><concept><code value="fr-CH"/><display value="French (Switzerland)"/><designation><language value="it-CH"/><value value="Francese"/></designation><designation><language value="rm-CH"/><value value="Frantsais"/></designation><designation><language value="fr-CH"/><value value="Français"/></designation><designation><language value="en-US"/><value value="French"/></designation><designation><language value="de-CH"/><value value="Französisch"/></designation></concept><concept><code value="de-CH"/><display value="German (Switzerland)"/><designation><language value="fr-CH"/><value value="Allemand"/></designation><designation><language value="en-US"/><value value="German"/></designation><designation><language value="it-CH"/><value value="Tedesco"/></designation><designation><language value="de-CH"/><value value="Deutsch"/></designation><designation><language value="rm-CH"/><value value="Tudestg"/></designation></concept><concept><code value="it-CH"/><display value="Italian (Switzerland)"/><designation><language value="rm-CH"/><value value="Talian"/></designation><designation><language value="fr-CH"/><value value="Italien"/></designation><designation><language value="en-US"/><value value="Italian"/></designation><designation><language value="de-CH"/><value value="Italienisch"/></designation><designation><language value="it-CH"/><value value="Italiano"/></designation></concept><concept><code value="rm-CH"/><display value="Romansh (Switzerland)"/><designation><language value="en-US"/><value value="Romansh"/></designation><designation><language value="rm-CH"/><value value="Rumantsch"/></designation><designation><language value="it-CH"/><value value="Romancio"/></designation><designation><language value="de-CH"/><value value="Rätoromanisch"/></designation><designation><language value="fr-CH"/><value value="Romanche"/></designation></concept><concept><code value="en-US"/><display value="English (United States)"/><designation><language value="it-CH"/><value value="Inglese"/></designation><designation><language value="en-US"/><value value="English"/></designation><designation><language value="fr-CH"/><value value="Anglais"/></designation><designation><language value="de-CH"/><value value="Englisch"/></designation><designation><language value="rm-CH"/><value value="Englais"/></designation></concept></CodeSystem>