<?xml version="1.0" encoding="UTF-8"?><CodeSystem xmlns="http://hl7.org/fhir"><id value="FhirvaultNamespace"/><text><status value="generated"/><div xmlns="http://www.w3.org/1999/xhtml"><p>This case-sensitive code system <code>https://terminology.cara.ch/CodeSystem/fhirvault-namespace</code> defines the following codes:</p><table class="codes"><tr><td style="white-space:nowrap"><b>Code</b></td><td><b>Display</b></td></tr><tr><td style="white-space:nowrap">cara:authx<a name="FhirvaultNamespace-cara.58authx"> </a></td><td>AuthX</td></tr><tr><td style="white-space:nowrap">cara:scp<a name="FhirvaultNamespace-cara.58scp"> </a></td><td>Shared Care Plan</td></tr></table><p><b>Additional Language Displays</b></p><table class="codes"><tr><td><b>Code</b></td><td><b>Deutsch (Schweiz) (German (Switzerland), de)</b></td><td><b>English (United States) (English (United States), en)</b></td><td><b>French (Switzerland) (fr)</b></td><td><b>Italian (Switzerland) (it)</b></td><td><b>rm</b></td></tr><tr><td>cara:authx</td><td>CARA - AuthX (Benutzerverwaltung)</td><td>CARA - AuthX (User Management)</td><td>CARA - AuthX (Gestion des utilisateurs)</td><td>CARA - AuthX (Gestione degli utenti)</td><td>CARA - AuthX (Administraziun d'utilisaders)</td></tr><tr><td>cara:scp</td><td>CARA - SCP (Geteilter Pflegeplan)</td><td>CARA - SCP (Shared Care Plan)</td><td>CARA - SCP (Plan de soins partagé)</td><td>CARA - SCP (Piano di cura condiviso)</td><td>CARA - SCP (Plan da tgira cundividì)</td></tr></table></div></text><url value="https://terminology.cara.ch/CodeSystem/fhirvault-namespace"/><version value="0.1.0"/><name value="FhirvaultNamespace"/><title value="CARA - FHIR Vault Namespace"/><status value="draft"/><experimental value="true"/><date value="2023-09-27T16:22:28+02:00"/><publisher value="CARA"/><contact><name value="CARA"/><telecom><system value="url"/><value value="https://www.cara.ch"/></telecom></contact><description value="The namespaces of the CARA Platform."/><caseSensitive value="true"/><content value="complete"/><concept><code value="cara:authx"/><display value="AuthX"/><designation><language value="rm-CH"/><value value="CARA - AuthX (Administraziun d'utilisaders)"/></designation><designation><language value="de-CH"/><value value="CARA - AuthX (Benutzerverwaltung)"/></designation><designation><language value="it-CH"/><value value="CARA - AuthX (Gestione degli utenti)"/></designation><designation><language value="en-US"/><value value="CARA - AuthX (User Management)"/></designation><designation><language value="fr-CH"/><value value="CARA - AuthX (Gestion des utilisateurs)"/></designation></concept><concept><code value="cara:scp"/><display value="Shared Care Plan"/><designation><language value="rm-CH"/><value value="CARA - SCP (Plan da tgira cundividì)"/></designation><designation><language value="it-CH"/><value value="CARA - SCP (Piano di cura condiviso)"/></designation><designation><language value="en-US"/><value value="CARA - SCP (Shared Care Plan)"/></designation><designation><language value="fr-CH"/><value value="CARA - SCP (Plan de soins partagé)"/></designation><designation><language value="de-CH"/><value value="CARA - SCP (Geteilter Pflegeplan)"/></designation></concept></CodeSystem>