<?xml version="1.0" encoding="UTF-8"?><ImplementationGuide xmlns="http://hl7.org/fhir"><id value="ch.cara.fhir.platform"/><text><status value="extensions"/><div xmlns="http://www.w3.org/1999/xhtml"><h2>ChCaraPlatform</h2><p>The official URL for this implementation guide is: </p><pre>https://terminology.cara.ch/ImplementationGuide/ch.cara.fhir.platform</pre></div></text><url value="https://terminology.cara.ch/ImplementationGuide/ch.cara.fhir.platform"/><version value="0.1.0"/><name value="ChCaraPlatform"/><status value="draft"/><date value="2023-09-27T16:22:28+02:00"/><publisher value="CARA"/><contact><name value="CARA"/><telecom><system value="url"/><value value="https://www.cara.ch"/></telecom></contact><packageId value="ch.cara.fhir.platform"/><license value="CC0-1.0"/><fhirVersion value="5.0.0"/><dependsOn id="hl7tx"><extension url="http://hl7.org/fhir/tools/StructureDefinition/implementationguide-dependency-comment"><valueMarkdown value="Automatically added as a dependency - all IGs depend on HL7 Terminology"/></extension><uri value="http://terminology.hl7.org/ImplementationGuide/hl7.terminology"/><packageId value="hl7.terminology.r5"/><version value="5.3.0"/></dependsOn><dependsOn id="hl7ext"><extension url="http://hl7.org/fhir/tools/StructureDefinition/implementationguide-dependency-comment"><valueMarkdown value="Automatically added as a dependency - all IGs depend on the HL7 Extension Pack"/></extension><uri value="http://hl7.org/fhir/extensions/ImplementationGuide/hl7.fhir.uv.extensions"/><packageId value="hl7.fhir.uv.extensions.r5"/><version value="1.0.0"/></dependsOn><definition><extension url="http://hl7.org/fhir/tools/StructureDefinition/ig-internal-dependency"><valueCode value="hl7.fhir.uv.tools#current"/></extension><grouping id="-str-profile"><name value="Structures: Resource Profiles"/><description value="These define constraints on FHIR resources for systems conforming to this implementation guide."/></grouping><grouping id="-str-extension"><name value="Structures: Extension Definitions"/><description value="These define constraints on FHIR data types for systems conforming to this implementation guide."/></grouping><grouping id="-term-valueset"><name value="Terminology: Value Sets"/><description value="These define sets of codes used by systems conforming to this implementation guide."/></grouping><grouping id="-term-codesystem"><name value="Terminology: Code Systems"/><description value="These define new code systems used by systems conforming to this implementation guide."/></grouping><grouping id="-ex-example"><name value="Example: Example Instances"/><description value="These are example instances that show what data produced and consumed by systems conforming with this implementation guide might look like."/></grouping><resource><extension url="http://hl7.org/fhir/tools/StructureDefinition/resource-sort"><valueInteger value="999999999"/></extension><extension url="http://hl7.org/fhir/StructureDefinition/implementationguide-page"><valueUri value="StructureDefinition-cara-invitation.html"/></extension><reference><reference value="StructureDefinition/cara-invitation"/></reference><name value="CARA - Application Invitation"/><description value="An invitation allowed a user to access to an application."/><isExample value="false"/><groupingId value="-str-profile"/></resource><resource><extension url="http://hl7.org/fhir/tools/StructureDefinition/resource-sort"><valueInteger value="999999999"/></extension><extension url="http://hl7.org/fhir/StructureDefinition/implementationguide-page"><valueUri value="StructureDefinition-cara-healthcare-professional-profile.html"/></extension><reference><reference value="StructureDefinition/cara-healthcare-professional-profile"/></reference><name value="CARA - Healthcare Professional Profile"/><description value="The user profile of an Healthcare Professional in the CARA Platform."/><isExample value="false"/><groupingId value="-str-profile"/></resource><resource><extension url="http://hl7.org/fhir/tools/StructureDefinition/resource-sort"><valueInteger value="999999999"/></extension><extension url="http://hl7.org/fhir/StructureDefinition/implementationguide-page"><valueUri value="StructureDefinition-cara-local-profile.html"/></extension><reference><reference value="StructureDefinition/cara-local-profile"/></reference><name value="CARA - Local Profile"/><description value="The user profile of a local user in the CARA Platform."/><isExample value="false"/><groupingId value="-str-profile"/></resource><resource><extension url="http://hl7.org/fhir/tools/StructureDefinition/resource-sort"><valueInteger value="999999999"/></extension><extension url="http://hl7.org/fhir/StructureDefinition/implementationguide-page"><valueUri value="StructureDefinition-cara-patient-profile.html"/></extension><reference><reference value="StructureDefinition/cara-patient-profile"/></reference><name value="CARA - Patient Profile"/><description value="The user profile of a Patient in the CARA Platform."/><isExample value="false"/><groupingId value="-str-profile"/></resource><resource><extension url="http://hl7.org/fhir/tools/StructureDefinition/resource-sort"><valueInteger value="999999999"/></extension><extension url="http://hl7.org/fhir/StructureDefinition/implementationguide-page"><valueUri value="StructureDefinition-scp-careplan.html"/></extension><reference><reference value="StructureDefinition/scp-careplan"/></reference><name value="SCP - Care Plan"/><description value="The Care Plan of a Shared Care Plan."/><isExample value="false"/><groupingId value="-str-profile"/></resource><resource><extension url="http://hl7.org/fhir/tools/StructureDefinition/resource-sort"><valueInteger value="999999999"/></extension><extension url="http://hl7.org/fhir/StructureDefinition/implementationguide-page"><valueUri value="StructureDefinition-scp-careteam.html"/></extension><reference><reference value="StructureDefinition/scp-careteam"/></reference><name value="SCP - Care Team"/><description value="The Care Team of a Shared Care Plan."/><isExample value="false"/><groupingId value="-str-profile"/></resource><resource><extension url="http://hl7.org/fhir/tools/StructureDefinition/resource-sort"><valueInteger value="999999999"/></extension><extension url="http://hl7.org/fhir/StructureDefinition/implementationguide-page"><valueUri value="StructureDefinition-scp-contact.html"/></extension><reference><reference value="StructureDefinition/scp-contact"/></reference><name value="SCP - Contact"/><description value="A contact person of a Shared Care Plan."/><isExample value="false"/><groupingId value="-str-profile"/></resource><resource><extension url="http://hl7.org/fhir/tools/StructureDefinition/resource-sort"><valueInteger value="999999999"/></extension><extension url="http://hl7.org/fhir/StructureDefinition/implementationguide-page"><valueUri value="StructureDefinition-scp-contextualdata.html"/></extension><reference><reference value="StructureDefinition/scp-contextualdata"/></reference><name value="SCP - Contextual Data"/><description value="The Contextual Data resource is used to capture the contextual information of a Shared Care Plan."/><isExample value="false"/><groupingId value="-str-profile"/></resource><resource><extension url="http://hl7.org/fhir/tools/StructureDefinition/resource-sort"><valueInteger value="999999999"/></extension><extension url="http://hl7.org/fhir/StructureDefinition/implementationguide-page"><valueUri value="StructureDefinition-scp-external-observation.html"/></extension><reference><reference value="StructureDefinition/scp-external-observation"/></reference><name value="SCP - External Observaton"/><description value="The Observaton of a Shared Care Plan coming from third parties."/><isExample value="false"/><groupingId value="-str-profile"/></resource><resource><extension url="http://hl7.org/fhir/tools/StructureDefinition/resource-sort"><valueInteger value="999999999"/></extension><extension url="http://hl7.org/fhir/StructureDefinition/implementationguide-page"><valueUri value="StructureDefinition-scp-goal.html"/></extension><reference><reference value="StructureDefinition/scp-goal"/></reference><name value="SCP - Goal"/><description value="The Goal of a Shared Care Plan."/><isExample value="false"/><groupingId value="-str-profile"/></resource><resource><extension url="http://hl7.org/fhir/tools/StructureDefinition/resource-sort"><valueInteger value="999999999"/></extension><extension url="http://hl7.org/fhir/StructureDefinition/implementationguide-page"><valueUri value="StructureDefinition-scp-observation.html"/></extension><reference><reference value="StructureDefinition/scp-observation"/></reference><name value="SCP - Observaton"/><description value="The Observaton of a Shared Care Plan."/><isExample value="false"/><groupingId value="-str-profile"/></resource><resource><extension url="http://hl7.org/fhir/tools/StructureDefinition/resource-sort"><valueInteger value="999999999"/></extension><extension url="http://hl7.org/fhir/StructureDefinition/implementationguide-page"><valueUri value="StructureDefinition-scp-teammember-practitioner.html"/></extension><reference><reference value="StructureDefinition/scp-teammember-practitioner"/></reference><name value="SCP - Team Member - Practitioner"/><description value="The Team Member of a Shared Care Plan with the profile Healthcare Professional."/><isExample value="false"/><groupingId value="-str-profile"/></resource><resource><extension url="http://hl7.org/fhir/tools/StructureDefinition/resource-sort"><valueInteger value="999999999"/></extension><extension url="http://hl7.org/fhir/StructureDefinition/implementationguide-page"><valueUri value="StructureDefinition-scp-teammember-relatedperson.html"/></extension><reference><reference value="StructureDefinition/scp-teammember-relatedperson"/></reference><name value="SCP - Team Member - Related Person"/><description value="The Team Member of a Shared Care Plan with the profile Caregiver."/><isExample value="false"/><groupingId value="-str-profile"/></resource><resource><extension url="http://hl7.org/fhir/tools/StructureDefinition/resource-sort"><valueInteger value="999999999"/></extension><extension url="http://hl7.org/fhir/StructureDefinition/implementationguide-page"><valueUri value="StructureDefinition-cara-application-invitation-application.html"/></extension><reference><reference value="StructureDefinition/cara-application-invitation-application"/></reference><name value="CARA - Application Invitation - Application"/><description value="The target of the invitation."/><isExample value="false"/><groupingId value="-str-extension"/></resource><resource><extension url="http://hl7.org/fhir/tools/StructureDefinition/resource-sort"><valueInteger value="999999999"/></extension><extension url="http://hl7.org/fhir/StructureDefinition/implementationguide-page"><valueUri value="StructureDefinition-cara-application-invitation-firstName.html"/></extension><reference><reference value="StructureDefinition/cara-application-invitation-firstName"/></reference><name value="CARA - Application Invitation - First name"/><description value="The MPI-ID of the patient who invited."/><isExample value="false"/><groupingId value="-str-extension"/></resource><resource><extension url="http://hl7.org/fhir/tools/StructureDefinition/resource-sort"><valueInteger value="999999999"/></extension><extension url="http://hl7.org/fhir/StructureDefinition/implementationguide-page"><valueUri value="StructureDefinition-cara-application-invitation-lastName.html"/></extension><reference><reference value="StructureDefinition/cara-application-invitation-lastName"/></reference><name value="CARA - Application Invitation - Last name"/><description value="The lastname of the patient who invited."/><isExample value="false"/><groupingId value="-str-extension"/></resource><resource><extension url="http://hl7.org/fhir/tools/StructureDefinition/resource-sort"><valueInteger value="999999999"/></extension><extension url="http://hl7.org/fhir/StructureDefinition/implementationguide-page"><valueUri value="StructureDefinition-cara-application-invitation-mpiIdUrn.html"/></extension><reference><reference value="StructureDefinition/cara-application-invitation-mpiIdUrn"/></reference><name value="CARA - Application Invitation - MPI-ID"/><description value="The MPI-ID of the patient who invited."/><isExample value="false"/><groupingId value="-str-extension"/></resource><resource><extension url="http://hl7.org/fhir/tools/StructureDefinition/resource-sort"><valueInteger value="999999999"/></extension><extension url="http://hl7.org/fhir/StructureDefinition/implementationguide-page"><valueUri value="StructureDefinition-scp-careteam-participant-comment.html"/></extension><reference><reference value="StructureDefinition/scp-careteam-participant-comment"/></reference><name value="SCP - Care Team - Comment"/><description value="Human readable comment of a participant."/><isExample value="false"/><groupingId value="-str-extension"/></resource><resource><extension url="http://hl7.org/fhir/tools/StructureDefinition/resource-sort"><valueInteger value="999999999"/></extension><extension url="http://hl7.org/fhir/StructureDefinition/implementationguide-page"><valueUri value="StructureDefinition-scp-careteam-participant-iscoordinator.html"/></extension><reference><reference value="StructureDefinition/scp-careteam-participant-iscoordinator"/></reference><name value="SCP - Care Team - Coordinator"/><description value="Flag to identify coordinators of a Shared Care Plan."/><isExample value="false"/><groupingId value="-str-extension"/></resource><resource><extension url="http://hl7.org/fhir/tools/StructureDefinition/resource-sort"><valueInteger value="999999999"/></extension><extension url="http://hl7.org/fhir/StructureDefinition/implementationguide-page"><valueUri value="StructureDefinition-scp-careteam-participant-ismanager.html"/></extension><reference><reference value="StructureDefinition/scp-careteam-participant-ismanager"/></reference><name value="SCP - Care Team - Manager"/><description value="Flag to identify managers of a Shared Care Plan."/><isExample value="false"/><groupingId value="-str-extension"/></resource><resource><extension url="http://hl7.org/fhir/tools/StructureDefinition/resource-sort"><valueInteger value="999999999"/></extension><extension url="http://hl7.org/fhir/StructureDefinition/implementationguide-page"><valueUri value="StructureDefinition-scp-contextualdata-ismanager.html"/></extension><reference><reference value="StructureDefinition/scp-contextualdata-ismanager"/></reference><name value="SCP - Care Team - Manager"/><description value="Flag to identify managers of a Shared Care Plan."/><isExample value="false"/><groupingId value="-str-extension"/></resource><resource><extension url="http://hl7.org/fhir/tools/StructureDefinition/resource-sort"><valueInteger value="999999999"/></extension><extension url="http://hl7.org/fhir/StructureDefinition/implementationguide-page"><valueUri value="StructureDefinition-scp-contact-comment.html"/></extension><reference><reference value="StructureDefinition/scp-contact-comment"/></reference><name value="SCP - Contact - Comment"/><description value="Additional information about the contact person."/><isExample value="false"/><groupingId value="-str-extension"/></resource><resource><extension url="http://hl7.org/fhir/tools/StructureDefinition/resource-sort"><valueInteger value="999999999"/></extension><extension url="http://hl7.org/fhir/StructureDefinition/implementationguide-page"><valueUri value="StructureDefinition-scp-contact-emergency.html"/></extension><reference><reference value="StructureDefinition/scp-contact-emergency"/></reference><name value="SCP - Contact - Emergency"/><description value="Flag to identify emergency contacts of a Shared Care Plan."/><isExample value="false"/><groupingId value="-str-extension"/></resource><resource><extension url="http://hl7.org/fhir/tools/StructureDefinition/resource-sort"><valueInteger value="999999999"/></extension><extension url="http://hl7.org/fhir/StructureDefinition/implementationguide-page"><valueUri value="StructureDefinition-scp-contact-relationship.html"/></extension><reference><reference value="StructureDefinition/scp-contact-relationship"/></reference><name value="SCP - Contact - Relationship"/><description value="The kind of relationship to the patient."/><isExample value="false"/><groupingId value="-str-extension"/></resource><resource><extension url="http://hl7.org/fhir/tools/StructureDefinition/resource-sort"><valueInteger value="999999999"/></extension><extension url="http://hl7.org/fhir/StructureDefinition/implementationguide-page"><valueUri value="StructureDefinition-scp-goal-target-status.html"/></extension><reference><reference value="StructureDefinition/scp-goal-target-status"/></reference><name value="SCP - Goal - Target Status"/><description value="Flag to identify the statis of a target."/><isExample value="false"/><groupingId value="-str-extension"/></resource><resource><extension url="http://hl7.org/fhir/tools/StructureDefinition/resource-sort"><valueInteger value="999999999"/></extension><extension url="http://hl7.org/fhir/StructureDefinition/implementationguide-page"><valueUri value="ValueSet-cara-platform-loacle.html"/></extension><reference><reference value="ValueSet/cara-platform-loacle"/></reference><name value="CARA - Platform Locales"/><description value="The locales of the CARA Platform."/><isExample value="false"/><groupingId value="-term-valueset"/></resource><resource><extension url="http://hl7.org/fhir/tools/StructureDefinition/resource-sort"><valueInteger value="999999999"/></extension><extension url="http://hl7.org/fhir/StructureDefinition/implementationguide-page"><valueUri value="ValueSet-cara-platform-namespace.html"/></extension><reference><reference value="ValueSet/cara-platform-namespace"/></reference><name value="CARA - Platform Namespaces"/><description value="The Namespace of the CAR Platforme."/><isExample value="false"/><groupingId value="-term-valueset"/></resource><resource><extension url="http://hl7.org/fhir/tools/StructureDefinition/resource-sort"><valueInteger value="999999999"/></extension><extension url="http://hl7.org/fhir/StructureDefinition/implementationguide-page"><valueUri value="ValueSet-scp-contextualdata-type.html"/></extension><reference><reference value="ValueSet/scp-contextualdata-type"/></reference><name value="SCP - Contextual Data Type"/><description value="The selection of concepts for the Contextual Data Type of a SCP Contextual Data."/><isExample value="false"/><groupingId value="-term-valueset"/></resource><resource><extension url="http://hl7.org/fhir/tools/StructureDefinition/resource-sort"><valueInteger value="999999999"/></extension><extension url="http://hl7.org/fhir/StructureDefinition/implementationguide-page"><valueUri value="ValueSet-scp-goal-type.html"/></extension><reference><reference value="ValueSet/scp-goal-type"/></reference><name value="SCP - Goal Type"/><description value="The selection of concepts for the Goal Type of a SCP Goal."/><isExample value="false"/><groupingId value="-term-valueset"/></resource><resource><extension url="http://hl7.org/fhir/tools/StructureDefinition/resource-sort"><valueInteger value="999999999"/></extension><extension url="http://hl7.org/fhir/StructureDefinition/implementationguide-page"><valueUri value="ValueSet-scp-target-type.html"/></extension><reference><reference value="ValueSet/scp-target-type"/></reference><name value="SCP - Parameter Type"/><description value="The selection of concepts for the Target Type of a SCP Goal."/><isExample value="false"/><groupingId value="-term-valueset"/></resource><resource><extension url="http://hl7.org/fhir/tools/StructureDefinition/resource-sort"><valueInteger value="999999999"/></extension><extension url="http://hl7.org/fhir/StructureDefinition/implementationguide-page"><valueUri value="CodeSystem-CaraBasicResourceType.html"/></extension><reference><reference value="CodeSystem/CaraBasicResourceType"/></reference><name value="CARA - Custom Basic Resource Types"/><description value="Provide the custom basic resource types handled by the CARA Platform."/><isExample value="false"/><groupingId value="-term-codesystem"/></resource><resource><extension url="http://hl7.org/fhir/tools/StructureDefinition/resource-sort"><valueInteger value="999999999"/></extension><extension url="http://hl7.org/fhir/StructureDefinition/implementationguide-page"><valueUri value="CodeSystem-FhirvaultNamespace.html"/></extension><reference><reference value="CodeSystem/FhirvaultNamespace"/></reference><name value="CARA - FHIR Vault Namespace"/><description value="The namespaces of the CARA Platform."/><isExample value="false"/><groupingId value="-term-codesystem"/></resource><resource><extension url="http://hl7.org/fhir/tools/StructureDefinition/resource-sort"><valueInteger value="999999999"/></extension><extension url="http://hl7.org/fhir/StructureDefinition/implementationguide-page"><valueUri value="CodeSystem-CaraLocale.html"/></extension><reference><reference value="CodeSystem/CaraLocale"/></reference><name value="CARA - Locales"/><description value="Provide the official Locales managed by the CARA Platform."/><isExample value="false"/><groupingId value="-term-codesystem"/></resource><resource><extension url="http://hl7.org/fhir/tools/StructureDefinition/resource-sort"><valueInteger value="999999999"/></extension><extension url="http://hl7.org/fhir/StructureDefinition/implementationguide-page"><valueUri value="CodeSystem-ScpSnomedCompositionSection.html"/></extension><reference><reference value="CodeSystem/ScpSnomedCompositionSection"/></reference><name value="SCP - Composition Section Type - SNOMED CT"/><description value="Selection of Concepts coming from SNOMED CT"/><isExample value="false"/><groupingId value="-term-codesystem"/></resource><resource><extension url="http://hl7.org/fhir/tools/StructureDefinition/resource-sort"><valueInteger value="999999999"/></extension><extension url="http://hl7.org/fhir/StructureDefinition/implementationguide-page"><valueUri value="CodeSystem-ScpCustomGoalType.html"/></extension><reference><reference value="CodeSystem/ScpCustomGoalType"/></reference><name value="SCP - Goal Type - Custom"/><description value="Definition of custom concepts for goal types."/><isExample value="false"/><groupingId value="-term-codesystem"/></resource><resource><extension url="http://hl7.org/fhir/tools/StructureDefinition/resource-sort"><valueInteger value="999999999"/></extension><extension url="http://hl7.org/fhir/StructureDefinition/implementationguide-page"><valueUri value="CodeSystem-ScpLoincCompositionSection.html"/></extension><reference><reference value="CodeSystem/ScpLoincCompositionSection"/></reference><name value="SCP - Goal Type - LOINC"/><description value="Selection of Concepts coming from LOINC"/><isExample value="false"/><groupingId value="-term-codesystem"/></resource><resource><extension url="http://hl7.org/fhir/tools/StructureDefinition/resource-sort"><valueInteger value="999999999"/></extension><extension url="http://hl7.org/fhir/StructureDefinition/implementationguide-page"><valueUri value="CodeSystem-ScpSnomedParameterGroup.html"/></extension><reference><reference value="CodeSystem/ScpSnomedParameterGroup"/></reference><name value="SCP - Parameter Group - SNOMED CT"/><description value="Selection of Concepts coming from SNOMED CT"/><isExample value="false"/><groupingId value="-term-codesystem"/></resource><resource><extension url="http://hl7.org/fhir/tools/StructureDefinition/resource-sort"><valueInteger value="999999999"/></extension><extension url="http://hl7.org/fhir/StructureDefinition/implementationguide-page"><valueUri value="CodeSystem-ScpSnomedParameterType.html"/></extension><reference><reference value="CodeSystem/ScpSnomedParameterType"/></reference><name value="SCP - Parameter Type - SNOMED CT"/><description value="Selection of Concepts coming from SNOMED CT"/><isExample value="false"/><groupingId value="-term-codesystem"/></resource><resource><extension url="http://hl7.org/fhir/tools/StructureDefinition/resource-sort"><valueInteger value="999999999"/></extension><extension url="http://hl7.org/fhir/StructureDefinition/implementationguide-page"><valueUri value="Patient-AliceProfile.html"/></extension><reference><reference value="Patient/AliceProfile"/></reference><name value="AliceProfile"/><description value="The Patient Profile of Alice, a patient."/><profile value="https://terminology.cara.ch/StructureDefinition/cara-patient-profile"/><groupingId value="-ex-example"/></resource><resource><extension url="http://hl7.org/fhir/tools/StructureDefinition/resource-sort"><valueInteger value="999999999"/></extension><extension url="http://hl7.org/fhir/StructureDefinition/implementationguide-page"><valueUri value="Practitioner-BobProfile.html"/></extension><reference><reference value="Practitioner/BobProfile"/></reference><name value="BobProfile"/><description value="The Healthcare Professional Profile of Bob, an Healthcare Professional."/><profile value="https://terminology.cara.ch/StructureDefinition/cara-healthcare-professional-profile"/><groupingId value="-ex-example"/></resource><resource><extension url="http://hl7.org/fhir/tools/StructureDefinition/resource-sort"><valueInteger value="999999999"/></extension><extension url="http://hl7.org/fhir/StructureDefinition/implementationguide-page"><valueUri value="Person-EveProfile.html"/></extension><reference><reference value="Person/EveProfile"/></reference><name value="EveProfile"/><description value="The Local Profile of Eve, a local user."/><profile value="https://terminology.cara.ch/StructureDefinition/cara-local-profile"/><groupingId value="-ex-example"/></resource><resource><extension url="http://hl7.org/fhir/tools/StructureDefinition/resource-sort"><valueInteger value="999999999"/></extension><extension url="http://hl7.org/fhir/StructureDefinition/implementationguide-page"><valueUri value="Basic-ScpInvitation.html"/></extension><reference><reference value="Basic/ScpInvitation"/></reference><name value="ScpInvitation"/><description value="The Application Invitation to join the Alice Shared Care Plan."/><profile value="https://terminology.cara.ch/StructureDefinition/cara-invitation"/><groupingId value="-ex-example"/></resource><page><sourceUrl value="toc.html"/><name value="toc.html"/><title value="Table of Contents"/><generation value="html"/><page><sourceUrl value="index.html"/><name value="index.html"/><title value="Home"/><generation value="markdown"/></page><page><sourceUrl value="domains.html"/><name value="domains.html"/><title value="Domains"/><generation value="markdown"/></page><page><sourceUrl value="integration.html"/><name value="integration.html"/><title value="Integration"/><generation value="markdown"/></page><page><sourceUrl value="artifacts.html"/><name value="artifacts.html"/><title value="Artifacts Summary"/><generation value="html"/><page><sourceUrl value="StructureDefinition-cara-invitation.html"/><name value="StructureDefinition-cara-invitation.html"/><title value="CARA - Application Invitation"/><generation value="generated"/></page><page><sourceUrl value="StructureDefinition-cara-healthcare-professional-profile.html"/><name value="StructureDefinition-cara-healthcare-professional-profile.html"/><title value="CARA - Healthcare Professional Profile"/><generation value="generated"/></page><page><sourceUrl value="StructureDefinition-cara-local-profile.html"/><name value="StructureDefinition-cara-local-profile.html"/><title value="CARA - Local Profile"/><generation value="generated"/></page><page><sourceUrl value="StructureDefinition-cara-patient-profile.html"/><name value="StructureDefinition-cara-patient-profile.html"/><title value="CARA - Patient Profile"/><generation value="generated"/></page><page><sourceUrl value="StructureDefinition-scp-careplan.html"/><name value="StructureDefinition-scp-careplan.html"/><title value="SCP - Care Plan"/><generation value="generated"/></page><page><sourceUrl value="StructureDefinition-scp-careteam.html"/><name value="StructureDefinition-scp-careteam.html"/><title value="SCP - Care Team"/><generation value="generated"/></page><page><sourceUrl value="StructureDefinition-scp-contact.html"/><name value="StructureDefinition-scp-contact.html"/><title value="SCP - Contact"/><generation value="generated"/></page><page><sourceUrl value="StructureDefinition-scp-contextualdata.html"/><name value="StructureDefinition-scp-contextualdata.html"/><title value="SCP - Contextual Data"/><generation value="generated"/></page><page><sourceUrl value="StructureDefinition-scp-external-observation.html"/><name value="StructureDefinition-scp-external-observation.html"/><title value="SCP - External Observaton"/><generation value="generated"/></page><page><sourceUrl value="StructureDefinition-scp-goal.html"/><name value="StructureDefinition-scp-goal.html"/><title value="SCP - Goal"/><generation value="generated"/></page><page><sourceUrl value="StructureDefinition-scp-observation.html"/><name value="StructureDefinition-scp-observation.html"/><title value="SCP - Observaton"/><generation value="generated"/></page><page><sourceUrl value="StructureDefinition-scp-teammember-practitioner.html"/><name value="StructureDefinition-scp-teammember-practitioner.html"/><title value="SCP - Team Member - Practitioner"/><generation value="generated"/></page><page><sourceUrl value="StructureDefinition-scp-teammember-relatedperson.html"/><name value="StructureDefinition-scp-teammember-relatedperson.html"/><title value="SCP - Team Member - Related Person"/><generation value="generated"/></page><page><sourceUrl value="StructureDefinition-cara-application-invitation-application.html"/><name value="StructureDefinition-cara-application-invitation-application.html"/><title value="CARA - Application Invitation - Application"/><generation value="generated"/></page><page><sourceUrl value="StructureDefinition-cara-application-invitation-firstName.html"/><name value="StructureDefinition-cara-application-invitation-firstName.html"/><title value="CARA - Application Invitation - First name"/><generation value="generated"/></page><page><sourceUrl value="StructureDefinition-cara-application-invitation-lastName.html"/><name value="StructureDefinition-cara-application-invitation-lastName.html"/><title value="CARA - Application Invitation - Last name"/><generation value="generated"/></page><page><sourceUrl value="StructureDefinition-cara-application-invitation-mpiIdUrn.html"/><name value="StructureDefinition-cara-application-invitation-mpiIdUrn.html"/><title value="CARA - Application Invitation - MPI-ID"/><generation value="generated"/></page><page><sourceUrl value="StructureDefinition-scp-careteam-participant-comment.html"/><name value="StructureDefinition-scp-careteam-participant-comment.html"/><title value="SCP - Care Team - Comment"/><generation value="generated"/></page><page><sourceUrl value="StructureDefinition-scp-careteam-participant-iscoordinator.html"/><name value="StructureDefinition-scp-careteam-participant-iscoordinator.html"/><title value="SCP - Care Team - Coordinator"/><generation value="generated"/></page><page><sourceUrl value="StructureDefinition-scp-careteam-participant-ismanager.html"/><name value="StructureDefinition-scp-careteam-participant-ismanager.html"/><title value="SCP - Care Team - Manager"/><generation value="generated"/></page><page><sourceUrl value="StructureDefinition-scp-contextualdata-ismanager.html"/><name value="StructureDefinition-scp-contextualdata-ismanager.html"/><title value="SCP - Care Team - Manager"/><generation value="generated"/></page><page><sourceUrl value="StructureDefinition-scp-contact-comment.html"/><name value="StructureDefinition-scp-contact-comment.html"/><title value="SCP - Contact - Comment"/><generation value="generated"/></page><page><sourceUrl value="StructureDefinition-scp-contact-emergency.html"/><name value="StructureDefinition-scp-contact-emergency.html"/><title value="SCP - Contact - Emergency"/><generation value="generated"/></page><page><sourceUrl value="StructureDefinition-scp-contact-relationship.html"/><name value="StructureDefinition-scp-contact-relationship.html"/><title value="SCP - Contact - Relationship"/><generation value="generated"/></page><page><sourceUrl value="StructureDefinition-scp-goal-target-status.html"/><name value="StructureDefinition-scp-goal-target-status.html"/><title value="SCP - Goal - Target Status"/><generation value="generated"/></page><page><sourceUrl value="ValueSet-cara-platform-loacle.html"/><name value="ValueSet-cara-platform-loacle.html"/><title value="CARA - Platform Locales"/><generation value="generated"/></page><page><sourceUrl value="ValueSet-cara-platform-namespace.html"/><name value="ValueSet-cara-platform-namespace.html"/><title value="CARA - Platform Namespaces"/><generation value="generated"/></page><page><sourceUrl value="ValueSet-scp-contextualdata-type.html"/><name value="ValueSet-scp-contextualdata-type.html"/><title value="SCP - Contextual Data Type"/><generation value="generated"/></page><page><sourceUrl value="ValueSet-scp-goal-type.html"/><name value="ValueSet-scp-goal-type.html"/><title value="SCP - Goal Type"/><generation value="generated"/></page><page><sourceUrl value="ValueSet-scp-target-type.html"/><name value="ValueSet-scp-target-type.html"/><title value="SCP - Parameter Type"/><generation value="generated"/></page><page><sourceUrl value="CodeSystem-CaraBasicResourceType.html"/><name value="CodeSystem-CaraBasicResourceType.html"/><title value="CARA - Custom Basic Resource Types"/><generation value="generated"/></page><page><sourceUrl value="CodeSystem-FhirvaultNamespace.html"/><name value="CodeSystem-FhirvaultNamespace.html"/><title value="CARA - FHIR Vault Namespace"/><generation value="generated"/></page><page><sourceUrl value="CodeSystem-CaraLocale.html"/><name value="CodeSystem-CaraLocale.html"/><title value="CARA - Locales"/><generation value="generated"/></page><page><sourceUrl value="CodeSystem-ScpSnomedCompositionSection.html"/><name value="CodeSystem-ScpSnomedCompositionSection.html"/><title value="SCP - Composition Section Type - SNOMED CT"/><generation value="generated"/></page><page><sourceUrl value="CodeSystem-ScpCustomGoalType.html"/><name value="CodeSystem-ScpCustomGoalType.html"/><title value="SCP - Goal Type - Custom"/><generation value="generated"/></page><page><sourceUrl value="CodeSystem-ScpLoincCompositionSection.html"/><name value="CodeSystem-ScpLoincCompositionSection.html"/><title value="SCP - Goal Type - LOINC"/><generation value="generated"/></page><page><sourceUrl value="CodeSystem-ScpSnomedParameterGroup.html"/><name value="CodeSystem-ScpSnomedParameterGroup.html"/><title value="SCP - Parameter Group - SNOMED CT"/><generation value="generated"/></page><page><sourceUrl value="CodeSystem-ScpSnomedParameterType.html"/><name value="CodeSystem-ScpSnomedParameterType.html"/><title value="SCP - Parameter Type - SNOMED CT"/><generation value="generated"/></page><page><sourceUrl value="Patient-AliceProfile.html"/><name value="Patient-AliceProfile.html"/><title value="AliceProfile"/><generation value="generated"/></page><page><sourceUrl value="Practitioner-BobProfile.html"/><name value="Practitioner-BobProfile.html"/><title value="BobProfile"/><generation value="generated"/></page><page><sourceUrl value="Person-EveProfile.html"/><name value="Person-EveProfile.html"/><title value="EveProfile"/><generation value="generated"/></page><page><sourceUrl value="Basic-ScpInvitation.html"/><name value="Basic-ScpInvitation.html"/><title value="ScpInvitation"/><generation value="generated"/></page></page></page><parameter><code><system value="http://hl7.org/fhir/tools/CodeSystem/ig-parameters"/><code value="copyrightyear"/></code><value value="2023+"/></parameter><parameter><code><system value="http://hl7.org/fhir/tools/CodeSystem/ig-parameters"/><code value="releaselabel"/></code><value value="ci-build"/></parameter><parameter><code><system value="http://hl7.org/fhir/tools/CodeSystem/ig-parameters"/><code value="autoload-resources"/></code><value value="true"/></parameter><parameter><code><system value="http://hl7.org/fhir/guide-parameter-code"/><code value="path-resource"/></code><value value="input/capabilities"/></parameter><parameter><code><system value="http://hl7.org/fhir/guide-parameter-code"/><code value="path-resource"/></code><value value="input/examples"/></parameter><parameter><code><system value="http://hl7.org/fhir/guide-parameter-code"/><code value="path-resource"/></code><value value="input/extensions"/></parameter><parameter><code><system value="http://hl7.org/fhir/guide-parameter-code"/><code value="path-resource"/></code><value value="input/models"/></parameter><parameter><code><system value="http://hl7.org/fhir/guide-parameter-code"/><code value="path-resource"/></code><value value="input/operations"/></parameter><parameter><code><system value="http://hl7.org/fhir/guide-parameter-code"/><code value="path-resource"/></code><value value="input/profiles"/></parameter><parameter><code><system value="http://hl7.org/fhir/guide-parameter-code"/><code value="path-resource"/></code><value value="input/resources"/></parameter><parameter><code><system value="http://hl7.org/fhir/guide-parameter-code"/><code value="path-resource"/></code><value value="input/vocabulary"/></parameter><parameter><code><system value="http://hl7.org/fhir/guide-parameter-code"/><code value="path-resource"/></code><value value="input/maps"/></parameter><parameter><code><system value="http://hl7.org/fhir/guide-parameter-code"/><code value="path-resource"/></code><value value="input/testing"/></parameter><parameter><code><system value="http://hl7.org/fhir/guide-parameter-code"/><code value="path-resource"/></code><value value="input/history"/></parameter><parameter><code><system value="http://hl7.org/fhir/guide-parameter-code"/><code value="path-resource"/></code><value value="fsh-generated/resources"/></parameter><parameter><code><system value="http://hl7.org/fhir/guide-parameter-code"/><code value="path-pages"/></code><value value="template/config"/></parameter><parameter><code><system value="http://hl7.org/fhir/guide-parameter-code"/><code value="path-pages"/></code><value value="input/images"/></parameter><parameter><code><system value="http://hl7.org/fhir/tools/CodeSystem/ig-parameters"/><code value="path-liquid"/></code><value value="template/liquid"/></parameter><parameter><code><system value="http://hl7.org/fhir/tools/CodeSystem/ig-parameters"/><code value="path-liquid"/></code><value value="input/liquid"/></parameter><parameter><code><system value="http://hl7.org/fhir/tools/CodeSystem/ig-parameters"/><code value="path-qa"/></code><value value="temp/qa"/></parameter><parameter><code><system value="http://hl7.org/fhir/tools/CodeSystem/ig-parameters"/><code value="path-temp"/></code><value value="temp/pages"/></parameter><parameter><code><system value="http://hl7.org/fhir/tools/CodeSystem/ig-parameters"/><code value="path-output"/></code><value value="output"/></parameter><parameter><code><system value="http://hl7.org/fhir/guide-parameter-code"/><code value="path-tx-cache"/></code><value value="input-cache/txcache"/></parameter><parameter><code><system value="http://hl7.org/fhir/tools/CodeSystem/ig-parameters"/><code value="path-suppressed-warnings"/></code><value value="input/ignoreWarnings.txt"/></parameter><parameter><code><system value="http://hl7.org/fhir/tools/CodeSystem/ig-parameters"/><code value="path-history"/></code><value value="https://terminology.cara.ch/history.html"/></parameter><parameter><code><system value="http://hl7.org/fhir/tools/CodeSystem/ig-parameters"/><code value="template-html"/></code><value value="template-page.html"/></parameter><parameter><code><system value="http://hl7.org/fhir/tools/CodeSystem/ig-parameters"/><code value="template-md"/></code><value value="template-page-md.html"/></parameter><parameter><code><system value="http://hl7.org/fhir/tools/CodeSystem/ig-parameters"/><code value="apply-contact"/></code><value value="true"/></parameter><parameter><code><system value="http://hl7.org/fhir/tools/CodeSystem/ig-parameters"/><code value="apply-context"/></code><value value="true"/></parameter><parameter><code><system value="http://hl7.org/fhir/tools/CodeSystem/ig-parameters"/><code value="apply-copyright"/></code><value value="true"/></parameter><parameter><code><system value="http://hl7.org/fhir/tools/CodeSystem/ig-parameters"/><code value="apply-jurisdiction"/></code><value value="true"/></parameter><parameter><code><system value="http://hl7.org/fhir/tools/CodeSystem/ig-parameters"/><code value="apply-license"/></code><value value="true"/></parameter><parameter><code><system value="http://hl7.org/fhir/tools/CodeSystem/ig-parameters"/><code value="apply-publisher"/></code><value value="true"/></parameter><parameter><code><system value="http://hl7.org/fhir/tools/CodeSystem/ig-parameters"/><code value="apply-version"/></code><value value="true"/></parameter><parameter><code><system value="http://hl7.org/fhir/tools/CodeSystem/ig-parameters"/><code value="apply-wg"/></code><value value="true"/></parameter><parameter><code><system value="http://hl7.org/fhir/tools/CodeSystem/ig-parameters"/><code value="active-tables"/></code><value value="true"/></parameter><parameter><code><system value="http://hl7.org/fhir/tools/CodeSystem/ig-parameters"/><code value="fmm-definition"/></code><value value="http://hl7.org/fhir/versions.html#maturity"/></parameter><parameter><code><system value="http://hl7.org/fhir/tools/CodeSystem/ig-parameters"/><code value="propagate-status"/></code><value value="true"/></parameter><parameter><code><system value="http://hl7.org/fhir/tools/CodeSystem/ig-parameters"/><code value="excludelogbinaryformat"/></code><value value="true"/></parameter><parameter><code><system value="http://hl7.org/fhir/tools/CodeSystem/ig-parameters"/><code value="tabbed-snapshots"/></code><value value="true"/></parameter></definition></ImplementationGuide>