<?xml version="1.0" encoding="UTF-8"?><ValueSet xmlns="http://hl7.org/fhir"><id value="cara-platform-namespace"/><text><status value="generated"/><div xmlns="http://www.w3.org/1999/xhtml"><ul><li>Include all codes defined in <a href="CodeSystem-FhirvaultNamespace.html"><code>https://terminology.cara.ch/CodeSystem/fhirvault-namespace</code></a></li></ul></div></text><url value="https://terminology.cara.ch/ValueSet/cara-platform-namespace"/><version value="0.1.0"/><name value="CaraPlatformNamespace"/><title value="CARA - Platform Namespaces"/><status value="draft"/><date value="2023-09-27T16:22:28+02:00"/><publisher value="CARA"/><contact><name value="CARA"/><telecom><system value="url"/><value value="https://www.cara.ch"/></telecom></contact><description value="The Namespace of the CAR Platforme."/><compose><include><system value="https://terminology.cara.ch/CodeSystem/fhirvault-namespace"/></include></compose></ValueSet>