<?xml version="1.0" encoding="UTF-8"?>

<Basic xmlns="http://hl7.org/fhir">
  <id value="ScpInvitation"/>
  <meta>
    <profile value="https://terminology.cara.ch/StructureDefinition/cara-invitation"/>
    <tag>
      <system value="https://terminology.cara.ch/CodeSystem/fhirvault-namespace"/>
      <code value="cara:authx"/>
    </tag>
  </meta>
  <text>
    <status value="generated"/><div xmlns="http://www.w3.org/1999/xhtml"><p><b>Generated Narrative: Basic</b><a name="ScpInvitation"> </a></p><div style="display: inline-block; background-color: #d9e0e7; padding: 6px; margin: 4px; border: 1px solid #8da1b4; border-radius: 5px; line-height: 60%"><p style="margin-bottom: 0px">Resource Basic &quot;ScpInvitation&quot; </p><p style="margin-bottom: 0px">Profile: <a href="StructureDefinition-cara-invitation.html">CARA - Application Invitation</a></p><p style="margin-bottom: 0px">Tag: <span title="{https://terminology.cara.ch/CodeSystem/fhirvault-namespace https://terminology.cara.ch/CodeSystem/fhirvault-namespace}">https://terminology.cara.ch/CodeSystem/fhirvault-namespace</span></p></div><p><b>identifier</b>: id: urn:cara:account:25c19ea1-9228-4670-9a91-122a9b201032</p><p><b>code</b>: Application Invitation Profile <span style="background: LightGoldenRodYellow; margin: 4px; border: 1px solid khaki"> (<a href="CodeSystem-CaraBasicResourceType.html">CARA - Custom Basic Resource Types</a>#application-invitation-profile)</span></p></div>
  </text>
  <extension url="https://terminology.cara.ch/StructureDefinition/ApplicationInvitation#application">
    <valueString value="shared-care-plan"/>
  </extension>
  <extension url="https://terminology.cara.ch/StructureDefinition/ApplicationInvitation#mpiIdUrn">
    <valueString value="urn:cara:mpi_id:XXXX/YYYY"/>
  </extension>
  <extension url="https://terminology.cara.ch/StructureDefinition/ApplicationInvitation#firstName">
    <valueString value="foo"/>
  </extension>
  <extension url="https://terminology.cara.ch/StructureDefinition/ApplicationInvitation#lastName">
    <valueString value="bar"/>
  </extension>
  <identifier>
    <system value="urn:cara:account"/>
    <value value="urn:cara:account:25c19ea1-9228-4670-9a91-122a9b201032"/>
  </identifier>
  <code>
    <coding>
      <system value="https://terminology.cara.ch/CodeSystem/basic-resource-type"/>
      <code value="application-invitation-profile"/>
    </coding>
  </code>
</Basic>