<?xml version="1.0" encoding="UTF-8"?>

<CodeSystem xmlns="http://hl7.org/fhir">
  <id value="CaraLocale"/>
  <text>
    <status value="generated"/><div xmlns="http://www.w3.org/1999/xhtml">Placeholder</div>
  </text>
  <url value="https://terminology.cara.ch/CodeSystem/cara-locale"/>
  <version value="0.1.0"/>
  <name value="CaraLocale"/>
  <title value="CARA - Locales"/>
  <status value="draft"/>
  <experimental value="true"/>
  <date value="2023-09-27T16:22:28+02:00"/>
  <publisher value="CARA"/>
  <contact>
    <name value="CARA"/>
    <telecom>
      <system value="url"/>
      <value value="https://www.cara.ch"/>
    </telecom>
  </contact>
  <description value="Provide the official Locales managed by the CARA Platform."/>
  <caseSensitive value="true"/>
  <content value="complete"/>
  <concept>
    <code value="fr-CH"/>
    <display value="French (Switzerland)"/>
    <designation>
      <language value="it-CH"/>
      <value value="Francese"/>
    </designation>
    <designation>
      <language value="rm-CH"/>
      <value value="Frantsais"/>
    </designation>
    <designation>
      <language value="fr-CH"/>
      <value value="Français"/>
    </designation>
    <designation>
      <language value="en-US"/>
      <value value="French"/>
    </designation>
    <designation>
      <language value="de-CH"/>
      <value value="Französisch"/>
    </designation>
  </concept>
  <concept>
    <code value="de-CH"/>
    <display value="German (Switzerland)"/>
    <designation>
      <language value="fr-CH"/>
      <value value="Allemand"/>
    </designation>
    <designation>
      <language value="en-US"/>
      <value value="German"/>
    </designation>
    <designation>
      <language value="it-CH"/>
      <value value="Tedesco"/>
    </designation>
    <designation>
      <language value="de-CH"/>
      <value value="Deutsch"/>
    </designation>
    <designation>
      <language value="rm-CH"/>
      <value value="Tudestg"/>
    </designation>
  </concept>
  <concept>
    <code value="it-CH"/>
    <display value="Italian (Switzerland)"/>
    <designation>
      <language value="rm-CH"/>
      <value value="Talian"/>
    </designation>
    <designation>
      <language value="fr-CH"/>
      <value value="Italien"/>
    </designation>
    <designation>
      <language value="en-US"/>
      <value value="Italian"/>
    </designation>
    <designation>
      <language value="de-CH"/>
      <value value="Italienisch"/>
    </designation>
    <designation>
      <language value="it-CH"/>
      <value value="Italiano"/>
    </designation>
  </concept>
  <concept>
    <code value="rm-CH"/>
    <display value="Romansh (Switzerland)"/>
    <designation>
      <language value="en-US"/>
      <value value="Romansh"/>
    </designation>
    <designation>
      <language value="rm-CH"/>
      <value value="Rumantsch"/>
    </designation>
    <designation>
      <language value="it-CH"/>
      <value value="Romancio"/>
    </designation>
    <designation>
      <language value="de-CH"/>
      <value value="Rätoromanisch"/>
    </designation>
    <designation>
      <language value="fr-CH"/>
      <value value="Romanche"/>
    </designation>
  </concept>
  <concept>
    <code value="en-US"/>
    <display value="English (United States)"/>
    <designation>
      <language value="it-CH"/>
      <value value="Inglese"/>
    </designation>
    <designation>
      <language value="en-US"/>
      <value value="English"/>
    </designation>
    <designation>
      <language value="fr-CH"/>
      <value value="Anglais"/>
    </designation>
    <designation>
      <language value="de-CH"/>
      <value value="Englisch"/>
    </designation>
    <designation>
      <language value="rm-CH"/>
      <value value="Englais"/>
    </designation>
  </concept>
</CodeSystem>