<?xml version="1.0" encoding="UTF-8"?>

<CodeSystem xmlns="http://hl7.org/fhir">
  <id value="CaraBasicResourceType"/>
  <text>
    <status value="generated"/><div xmlns="http://www.w3.org/1999/xhtml">Placeholder</div>
  </text>
  <url value="https://terminology.cara.ch/CodeSystem/basic-resource-type"/>
  <version value="0.1.0"/>
  <name value="CaraBasicResourceType"/>
  <title value="CARA - Custom Basic Resource Types"/>
  <status value="draft"/>
  <experimental value="true"/>
  <date value="2023-09-27T16:22:28+02:00"/>
  <publisher value="CARA"/>
  <contact>
    <name value="CARA"/>
    <telecom>
      <system value="url"/>
      <value value="https://www.cara.ch"/>
    </telecom>
  </contact>
  <description value="Provide the custom basic resource types handled by the CARA Platform."/>
  <caseSensitive value="true"/>
  <content value="complete"/>
  <concept>
    <code value="application-invitation-profile"/>
    <display value="Application Invitation Profile"/>
    <designation>
      <language value="en-US"/>
      <value value="CARA - Application Invitation"/>
    </designation>
    <designation>
      <language value="rm-CH"/>
      <value value="CARA - Invitaziun a l'applicaziun"/>
    </designation>
    <designation>
      <language value="de-CH"/>
      <value value="CARA - Einladung zur Anwendung"/>
    </designation>
    <designation>
      <language value="it-CH"/>
      <value value="CARA - Invito all'applicazione"/>
    </designation>
    <designation>
      <language value="fr-CH"/>
      <value value="CARA - Invitation à l'application"/>
    </designation>
  </concept>
</CodeSystem>