<?xml version="1.0" encoding="UTF-8"?>

<CodeSystem xmlns="http://hl7.org/fhir">
  <id value="ScpCustomGoalType"/>
  <text>
    <status value="generated"/><div xmlns="http://www.w3.org/1999/xhtml">Placeholder</div>
  </text>
  <url value="https://terminology.cara.ch/CodeSystem/scp-custom-goal-type"/>
  <version value="0.1.0"/>
  <name value="ScpCustomGoalType"/>
  <title value="SCP - Goal Type - Custom"/>
  <status value="draft"/>
  <experimental value="true"/>
  <date value="2023-09-27T16:22:28+02:00"/>
  <publisher value="CARA"/>
  <contact>
    <name value="CARA"/>
    <telecom>
      <system value="url"/>
      <value value="https://www.cara.ch"/>
    </telecom>
  </contact>
  <description value="Definition of custom concepts for goal types."/>
  <caseSensitive value="true"/>
  <content value="complete"/>
  <concept>
    <code value="dietary"/>
    <display value="Dietary"/>
    <designation>
      <language value="fr-CH"/>
      <value value="Diététique"/>
    </designation>
    <designation>
      <language value="rm-CH"/>
      <value value="Dieta"/>
    </designation>
    <designation>
      <language value="en-US"/>
      <value value="Dietary"/>
    </designation>
    <designation>
      <language value="de-CH"/>
      <value value="Ernährung"/>
    </designation>
  </concept>
  <concept>
    <code value="safety"/>
    <display value="Safety"/>
    <designation>
      <language value="fr-CH"/>
      <value value="Sécurité"/>
    </designation>
    <designation>
      <language value="rm-CH"/>
      <value value="Segirezza"/>
    </designation>
    <designation>
      <language value="de-CH"/>
      <value value="Sicherheit"/>
    </designation>
    <designation>
      <language value="en-US"/>
      <value value="Safety"/>
    </designation>
  </concept>
  <concept>
    <code value="behavioral"/>
    <display value="Behavioral"/>
    <designation>
      <language value="fr-CH"/>
      <value value="Comportemental"/>
    </designation>
    <designation>
      <language value="de-CH"/>
      <value value="Verhaltensbezogen"/>
    </designation>
    <designation>
      <language value="en-US"/>
      <value value="Behavioral"/>
    </designation>
    <designation>
      <language value="rm-CH"/>
      <value value="Comportamentala"/>
    </designation>
  </concept>
  <concept>
    <code value="nursing"/>
    <display value="Nursing"/>
    <designation>
      <language value="rm-CH"/>
      <value value="Cura infermiera"/>
    </designation>
    <designation>
      <language value="fr-CH"/>
      <value value="Soins infirmiers"/>
    </designation>
    <designation>
      <language value="de-CH"/>
      <value value="Pflege"/>
    </designation>
    <designation>
      <language value="en-US"/>
      <value value="Nursing"/>
    </designation>
  </concept>
  <concept>
    <code value="physiotherapy"/>
    <display value="Physiotherapy"/>
    <designation>
      <language value="de-CH"/>
      <value value="Physiotherapie"/>
    </designation>
    <designation>
      <language value="en-US"/>
      <value value="Physiotherapy"/>
    </designation>
    <designation>
      <language value="fr-CH"/>
      <value value="Physiothérapie"/>
    </designation>
    <designation>
      <language value="rm-CH"/>
      <value value="Fisioterapia"/>
    </designation>
  </concept>
</CodeSystem>