{
  "resourceType" : "Basic",
  "id" : "ScpInvitation",
  "meta" : {
    "profile" : ["https://terminology.cara.ch/StructureDefinition/cara-invitation"],
    "tag" : [{
      "system" : "https://terminology.cara.ch/CodeSystem/fhirvault-namespace",
      "code" : "cara:authx"
    }]
  },
  "text" : {
    "status" : "generated",
    "div" : "<div xmlns=\"http://www.w3.org/1999/xhtml\"><p><b>Generated Narrative: Basic</b><a name=\"ScpInvitation\"> </a></p><div style=\"display: inline-block; background-color: #d9e0e7; padding: 6px; margin: 4px; border: 1px solid #8da1b4; border-radius: 5px; line-height: 60%\"><p style=\"margin-bottom: 0px\">Resource Basic &quot;ScpInvitation&quot; </p><p style=\"margin-bottom: 0px\">Profile: <a href=\"StructureDefinition-cara-invitation.html\">CARA - Application Invitation</a></p><p style=\"margin-bottom: 0px\">Tag: <span title=\"{https://terminology.cara.ch/CodeSystem/fhirvault-namespace https://terminology.cara.ch/CodeSystem/fhirvault-namespace}\">https://terminology.cara.ch/CodeSystem/fhirvault-namespace</span></p></div><p><b>identifier</b>: id:\u00a0urn:cara:account:25c19ea1-9228-4670-9a91-122a9b201032</p><p><b>code</b>: Application Invitation Profile <span style=\"background: LightGoldenRodYellow; margin: 4px; border: 1px solid khaki\"> (<a href=\"CodeSystem-CaraBasicResourceType.html\">CARA - Custom Basic Resource Types</a>#application-invitation-profile)</span></p></div>"
  },
  "extension" : [{
    "url" : "https://terminology.cara.ch/StructureDefinition/ApplicationInvitation#application",
    "valueString" : "shared-care-plan"
  },
  {
    "url" : "https://terminology.cara.ch/StructureDefinition/ApplicationInvitation#mpiIdUrn",
    "valueString" : "urn:cara:mpi_id:XXXX/YYYY"
  },
  {
    "url" : "https://terminology.cara.ch/StructureDefinition/ApplicationInvitation#firstName",
    "valueString" : "foo"
  },
  {
    "url" : "https://terminology.cara.ch/StructureDefinition/ApplicationInvitation#lastName",
    "valueString" : "bar"
  }],
  "identifier" : [{
    "system" : "urn:cara:account",
    "value" : "urn:cara:account:25c19ea1-9228-4670-9a91-122a9b201032"
  }],
  "code" : {
    "coding" : [{
      "system" : "https://terminology.cara.ch/CodeSystem/basic-resource-type",
      "code" : "application-invitation-profile"
    }]
  }
}