[
  {
    "id" : "CaraBasicResourceType",
    "type" : "CodeSystem",
    "url" : "https://terminology.cara.ch/CodeSystem/basic-resource-type",
    "version" : "0.1.0",
    "name" : "CaraBasicResourceType"
  },
  {
    "id" : "CaraLocale",
    "type" : "CodeSystem",
    "url" : "https://terminology.cara.ch/CodeSystem/cara-locale",
    "version" : "0.1.0",
    "name" : "CaraLocale"
  },
  {
    "id" : "FhirvaultNamespace",
    "type" : "CodeSystem",
    "url" : "https://terminology.cara.ch/CodeSystem/fhirvault-namespace",
    "version" : "0.1.0",
    "name" : "FhirvaultNamespace"
  },
  {
    "id" : "ScpCustomGoalType",
    "type" : "CodeSystem",
    "url" : "https://terminology.cara.ch/CodeSystem/scp-custom-goal-type",
    "version" : "0.1.0",
    "name" : "ScpCustomGoalType"
  },
  {
    "id" : "ScpLoincCompositionSection",
    "type" : "CodeSystem",
    "url" : "https://terminology.cara.ch/CodeSystem/scp-loinc-composition-section",
    "version" : "0.1.0",
    "name" : "ScpLoincCompositionSection"
  },
  {
    "id" : "ScpSnomedParameterGroup",
    "type" : "CodeSystem",
    "url" : "https://terminology.cara.ch/CodeSystem/scp-parameter-group",
    "version" : "0.1.0",
    "name" : "ScpSnomedParameterGroup"
  },
  {
    "id" : "ScpSnomedParameterType",
    "type" : "CodeSystem",
    "url" : "https://terminology.cara.ch/CodeSystem/scp-parameter-type",
    "version" : "0.1.0",
    "name" : "ScpSnomedParameterType"
  },
  {
    "id" : "ScpSnomedCompositionSection",
    "type" : "CodeSystem",
    "url" : "https://terminology.cara.ch/CodeSystem/scp-snomed-composition-section",
    "version" : "0.1.0",
    "name" : "ScpSnomedCompositionSection"
  },
  {
    "id" : "ch.cara.fhir.platform",
    "type" : "ImplementationGuide",
    "url" : "https://terminology.cara.ch/ImplementationGuide/ch.cara.fhir.platform",
    "version" : "0.1.0",
    "name" : "ChCaraPlatform"
  },
  {
    "id" : "cara-application-invitation-application",
    "type" : "StructureDefinition",
    "url" : "https://terminology.cara.ch/StructureDefinition/cara-application-invitation-application",
    "version" : "0.1.0",
    "name" : "CaraApplicationInvitationApplication"
  },
  {
    "id" : "cara-application-invitation-firstName",
    "type" : "StructureDefinition",
    "url" : "https://terminology.cara.ch/StructureDefinition/cara-application-invitation-firstName",
    "version" : "0.1.0",
    "name" : "CaraApplicationInvitationFirstName"
  },
  {
    "id" : "cara-application-invitation-lastName",
    "type" : "StructureDefinition",
    "url" : "https://terminology.cara.ch/StructureDefinition/cara-application-invitation-lastName",
    "version" : "0.1.0",
    "name" : "CaraApplicationInvitationLastName"
  },
  {
    "id" : "cara-application-invitation-mpiIdUrn",
    "type" : "StructureDefinition",
    "url" : "https://terminology.cara.ch/StructureDefinition/cara-application-invitation-mpiIdUrn",
    "version" : "0.1.0",
    "name" : "CaraApplicationInvitationMpiIdUrn"
  },
  {
    "id" : "cara-healthcare-professional-profile",
    "type" : "StructureDefinition",
    "url" : "https://terminology.cara.ch/StructureDefinition/cara-healthcare-professional-profile",
    "version" : "0.1.0",
    "name" : "CaraHealthcareProfessionalProfile"
  },
  {
    "id" : "cara-invitation",
    "type" : "StructureDefinition",
    "url" : "https://terminology.cara.ch/StructureDefinition/cara-invitation",
    "version" : "0.1.0",
    "name" : "CaraApplicationInvitation"
  },
  {
    "id" : "cara-local-profile",
    "type" : "StructureDefinition",
    "url" : "https://terminology.cara.ch/StructureDefinition/cara-local-profile",
    "version" : "0.1.0",
    "name" : "CaraLocalProfile"
  },
  {
    "id" : "cara-patient-profile",
    "type" : "StructureDefinition",
    "url" : "https://terminology.cara.ch/StructureDefinition/cara-patient-profile",
    "version" : "0.1.0",
    "name" : "CaraPatientProfile"
  },
  {
    "id" : "scp-careplan",
    "type" : "StructureDefinition",
    "url" : "https://terminology.cara.ch/StructureDefinition/scp-careplan",
    "version" : "0.1.0",
    "name" : "ScpCarePlan"
  },
  {
    "id" : "scp-careteam",
    "type" : "StructureDefinition",
    "url" : "https://terminology.cara.ch/StructureDefinition/scp-careteam",
    "version" : "0.1.0",
    "name" : "ScpCareTeam"
  },
  {
    "id" : "scp-careteam-participant-comment",
    "type" : "StructureDefinition",
    "url" : "https://terminology.cara.ch/StructureDefinition/scp-careteam-participant-comment",
    "version" : "0.1.0",
    "name" : "ScpCareteamParticipantComment"
  },
  {
    "id" : "scp-careteam-participant-iscoordinator",
    "type" : "StructureDefinition",
    "url" : "https://terminology.cara.ch/StructureDefinition/scp-careteam-participant-iscoordinator",
    "version" : "0.1.0",
    "name" : "ScpCareteamParticipantIsCoordinator"
  },
  {
    "id" : "scp-careteam-participant-ismanager",
    "type" : "StructureDefinition",
    "url" : "https://terminology.cara.ch/StructureDefinition/scp-careteam-participant-ismanager",
    "version" : "0.1.0",
    "name" : "ScpCareteamParticipantIsManager"
  },
  {
    "id" : "scp-contact",
    "type" : "StructureDefinition",
    "url" : "https://terminology.cara.ch/StructureDefinition/scp-contact",
    "version" : "0.1.0",
    "name" : "ScpContact"
  },
  {
    "id" : "scp-contact-comment",
    "type" : "StructureDefinition",
    "url" : "https://terminology.cara.ch/StructureDefinition/scp-contact-comment",
    "version" : "0.1.0",
    "name" : "ScpContactComment"
  },
  {
    "id" : "scp-contact-emergency",
    "type" : "StructureDefinition",
    "url" : "https://terminology.cara.ch/StructureDefinition/scp-contact-emergency",
    "version" : "0.1.0",
    "name" : "ScpContactEmergency"
  },
  {
    "id" : "scp-contact-relationship",
    "type" : "StructureDefinition",
    "url" : "https://terminology.cara.ch/StructureDefinition/scp-contact-relationship",
    "version" : "0.1.0",
    "name" : "ScpContactRelationship"
  },
  {
    "id" : "scp-contextualdata",
    "type" : "StructureDefinition",
    "url" : "https://terminology.cara.ch/StructureDefinition/scp-contextualdata",
    "version" : "0.1.0",
    "name" : "ScpContextualData"
  },
  {
    "id" : "scp-contextualdata-ismanager",
    "type" : "StructureDefinition",
    "url" : "https://terminology.cara.ch/StructureDefinition/scp-contextualdata-ismanager",
    "version" : "0.1.0",
    "name" : "ScpContextualDataIsManager"
  },
  {
    "id" : "scp-external-observation",
    "type" : "StructureDefinition",
    "url" : "https://terminology.cara.ch/StructureDefinition/scp-external-observation",
    "version" : "0.1.0",
    "name" : "ScpExternalObservation"
  },
  {
    "id" : "scp-goal",
    "type" : "StructureDefinition",
    "url" : "https://terminology.cara.ch/StructureDefinition/scp-goal",
    "version" : "0.1.0",
    "name" : "ScpGoal"
  },
  {
    "id" : "scp-goal-target-status",
    "type" : "StructureDefinition",
    "url" : "https://terminology.cara.ch/StructureDefinition/scp-goal-target-status",
    "version" : "0.1.0",
    "name" : "ScpGoalTargetStatus"
  },
  {
    "id" : "scp-observation",
    "type" : "StructureDefinition",
    "url" : "https://terminology.cara.ch/StructureDefinition/scp-observation",
    "version" : "0.1.0",
    "name" : "ScpObservation"
  },
  {
    "id" : "scp-teammember-practitioner",
    "type" : "StructureDefinition",
    "url" : "https://terminology.cara.ch/StructureDefinition/scp-teammember-practitioner",
    "version" : "0.1.0",
    "name" : "ScpTeamMemberPractitioner"
  },
  {
    "id" : "scp-teammember-relatedperson",
    "type" : "StructureDefinition",
    "url" : "https://terminology.cara.ch/StructureDefinition/scp-teammember-relatedperson",
    "version" : "0.1.0",
    "name" : "ScpTeamMemberRelatedPerson"
  },
  {
    "id" : "cara-platform-loacle",
    "type" : "ValueSet",
    "url" : "https://terminology.cara.ch/ValueSet/cara-platform-loacle",
    "version" : "0.1.0",
    "name" : "CaraPlatformLocale"
  },
  {
    "id" : "cara-platform-namespace",
    "type" : "ValueSet",
    "url" : "https://terminology.cara.ch/ValueSet/cara-platform-namespace",
    "version" : "0.1.0",
    "name" : "CaraPlatformNamespace"
  },
  {
    "id" : "scp-contextualdata-type",
    "type" : "ValueSet",
    "url" : "https://terminology.cara.ch/ValueSet/scp-contextualdata-type",
    "version" : "0.1.0",
    "name" : "ScpContextualDataType"
  },
  {
    "id" : "scp-goal-type",
    "type" : "ValueSet",
    "url" : "https://terminology.cara.ch/ValueSet/scp-goal-type",
    "version" : "0.1.0",
    "name" : "ScpGoalType"
  },
  {
    "id" : "scp-target-type",
    "type" : "ValueSet",
    "url" : "https://terminology.cara.ch/ValueSet/scp-target-type",
    "version" : "0.1.0",
    "name" : "ScpTargetType"
  }
]
