[
  {
    "id" : "fish",
    "type" : "ImplementationGuide",
    "url" : "http://example.org/fhir/fish/ImplementationGuide/fish",
    "version" : "0.1.0",
    "name" : "FishImplementationGuide"
  },
  {
    "id" : "Observation",
    "type" : "StructureDefinition",
    "url" : "http://example.org/fhir/fish/StructureDefinition/Observation",
    "version" : "0.1.0",
    "name" : "Observation"
  },
  {
    "id" : "allergy-intolerance",
    "type" : "StructureDefinition",
    "url" : "http://example.org/fhir/fish/StructureDefinition/allergy-intolerance",
    "version" : "0.1.0",
    "name" : "AllergyIntolerance"
  },
  {
    "id" : "anticipate-directives-epr",
    "type" : "StructureDefinition",
    "url" : "http://example.org/fhir/fish/StructureDefinition/anticipate-directives-epr",
    "version" : "0.1.0",
    "name" : "AnticipateDirectivesInEPR"
  },
  {
    "id" : "anticipate-directives-exist",
    "type" : "StructureDefinition",
    "url" : "http://example.org/fhir/fish/StructureDefinition/anticipate-directives-exist",
    "version" : "0.1.0",
    "name" : "AnticipateDirectivesExist"
  },
  {
    "id" : "attention-point",
    "type" : "StructureDefinition",
    "url" : "http://example.org/fhir/fish/StructureDefinition/attention-point",
    "version" : "0.1.0",
    "name" : "AttentionPoint"
  },
  {
    "id" : "cara-patient",
    "type" : "StructureDefinition",
    "url" : "http://example.org/fhir/fish/StructureDefinition/cara-patient",
    "version" : "0.1.0",
    "name" : "Patient"
  },
  {
    "id" : "care-team",
    "type" : "StructureDefinition",
    "url" : "http://example.org/fhir/fish/StructureDefinition/care-team",
    "version" : "0.1.0",
    "name" : "CareTeam"
  },
  {
    "id" : "careplan",
    "type" : "StructureDefinition",
    "url" : "http://example.org/fhir/fish/StructureDefinition/careplan",
    "version" : "0.1.0",
    "name" : "CarePlan"
  },
  {
    "id" : "condition",
    "type" : "StructureDefinition",
    "url" : "http://example.org/fhir/fish/StructureDefinition/condition",
    "version" : "0.1.0",
    "name" : "Condition"
  },
  {
    "id" : "country-of-birth",
    "type" : "StructureDefinition",
    "url" : "http://example.org/fhir/fish/StructureDefinition/country-of-birth",
    "version" : "0.1.0",
    "name" : "CountryOfBirth"
  },
  {
    "id" : "goal",
    "type" : "StructureDefinition",
    "url" : "http://example.org/fhir/fish/StructureDefinition/goal",
    "version" : "0.1.0",
    "name" : "Goal"
  },
  {
    "id" : "historical-data",
    "type" : "StructureDefinition",
    "url" : "http://example.org/fhir/fish/StructureDefinition/historical-data",
    "version" : "0.1.0",
    "name" : "HistoricalData"
  },
  {
    "id" : "patient-priorities",
    "type" : "StructureDefinition",
    "url" : "http://example.org/fhir/fish/StructureDefinition/patient-priorities",
    "version" : "0.1.0",
    "name" : "PatientPriorities"
  },
  {
    "id" : "social-data",
    "type" : "StructureDefinition",
    "url" : "http://example.org/fhir/fish/StructureDefinition/social-data",
    "version" : "0.1.0",
    "name" : "SocialData"
  }
]
