<?xml version="1.0" encoding="UTF-8"?>

<CodeSystem xmlns="http://hl7.org/fhir">
  <id value="ScpSnomedCompositionSection"/>
  <text>
    <status value="generated"/><div xmlns="http://www.w3.org/1999/xhtml">Placeholder</div>
  </text>
  <url value="https://terminology.cara.ch/CodeSystem/scp-snomed-composition-section"/>
  <version value="0.1.0"/>
  <name value="ScpSnomedCompositionSection"/>
  <title value="SCP - Composition Section Type - SNOMED CT"/>
  <status value="draft"/>
  <experimental value="true"/>
  <date value="2023-09-27T16:22:28+02:00"/>
  <publisher value="CARA"/>
  <contact>
    <name value="CARA"/>
    <telecom>
      <system value="url"/>
      <value value="https://www.cara.ch"/>
    </telecom>
  </contact>
  <description value="Selection of Concepts coming from SNOMED CT"/>
  <caseSensitive value="true"/>
  <content value="complete"/>
  <concept>
    <code value="70862002"/>
    <display value="Contact person"/>
    <designation>
      <language value="fr-CH"/>
      <value value="Personne de contact"/>
    </designation>
    <designation>
      <language value="en-US"/>
      <value value="Contact person"/>
    </designation>
    <designation>
      <language value="it-CH"/>
      <value value="Persona di contatto"/>
    </designation>
    <designation>
      <language value="de-CH"/>
      <value value="Kontaktperson"/>
    </designation>
    <designation>
      <language value="rm-CH"/>
      <value value="Persuna da contact"/>
    </designation>
  </concept>
</CodeSystem>