<?xml version="1.0" encoding="UTF-8"?>

<Bundle xmlns="http://hl7.org/fhir">
  <id value="6a3b3504-9693-4c89-a818-cc569cb548a7"/>
  <meta>
    <lastUpdated value="2023-09-27T16:22:28.866+02:00"/>
  </meta>
  <type value="collection"/>
  <entry>
    <fullUrl value="https://terminology.cara.ch/ValueSet/cara-platform-loacle"/>
    <resource>
      <ValueSet>
        <text>
          <status value="generated"/>
          <div xmlns="http://www.w3.org/1999/xhtml">
            <p>This value set contains 5 concepts</p>
            <p style="border: black 1px dotted; background-color: #EEEEEE; padding: 8px; margin-bottom: 8px">Expansion based on 
              <a href="CodeSystem-CaraLocale.html">codesystem CARA - Locales v0.1.0 (CodeSystem)</a>
            </p>
            <table class="codes">
              <tr>
                <td style="white-space:nowrap">
                  <b>Code</b>
                </td>
                <td>
                  <b>System</b>
                </td>
                <td>
                  <b>Display</b>
                </td>
              </tr>
              <tr>
                <td style="white-space:nowrap">
                  <a name="https---terminology.cara.ch-CodeSystem-cara-locale-fr-CH"> </a>  
                  <a href="CodeSystem-CaraLocale.html#CaraLocale-fr-CH">fr-CH</a>
                </td>
                <td>https://terminology.cara.ch/CodeSystem/cara-locale</td>
                <td>French (Switzerland)</td>
              </tr>
              <tr>
                <td style="white-space:nowrap">
                  <a name="https---terminology.cara.ch-CodeSystem-cara-locale-de-CH"> </a>  
                  <a href="CodeSystem-CaraLocale.html#CaraLocale-de-CH">de-CH</a>
                </td>
                <td>https://terminology.cara.ch/CodeSystem/cara-locale</td>
                <td>German (Switzerland)</td>
              </tr>
              <tr>
                <td style="white-space:nowrap">
                  <a name="https---terminology.cara.ch-CodeSystem-cara-locale-it-CH"> </a>  
                  <a href="CodeSystem-CaraLocale.html#CaraLocale-it-CH">it-CH</a>
                </td>
                <td>https://terminology.cara.ch/CodeSystem/cara-locale</td>
                <td>Italian (Switzerland)</td>
              </tr>
              <tr>
                <td style="white-space:nowrap">
                  <a name="https---terminology.cara.ch-CodeSystem-cara-locale-rm-CH"> </a>  
                  <a href="CodeSystem-CaraLocale.html#CaraLocale-rm-CH">rm-CH</a>
                </td>
                <td>https://terminology.cara.ch/CodeSystem/cara-locale</td>
                <td>Romansh (Switzerland)</td>
              </tr>
              <tr>
                <td style="white-space:nowrap">
                  <a name="https---terminology.cara.ch-CodeSystem-cara-locale-en-US"> </a>  
                  <a href="CodeSystem-CaraLocale.html#CaraLocale-en-US">en-US</a>
                </td>
                <td>https://terminology.cara.ch/CodeSystem/cara-locale</td>
                <td>English (United States)</td>
              </tr>
            </table>
          </div>
        </text>
        <url value="https://terminology.cara.ch/ValueSet/cara-platform-loacle"/>
        <version value="0.1.0"/>
        <name value="CaraPlatformLocale"/>
        <title value="CARA - Platform Locales"/>
        <status value="draft"/>
        <date value="2023-09-27T16:22:28+02:00"/>
        <expansion>
          <identifier value="urn:uuid:b0a66c0d-579a-4420-9873-6df2f9e38520"/>
          <timestamp value="2023-09-27T16:22:46+02:00"/>
          <total value="5"/>
          <parameter>
            <name value="excludeNested"/>
            <valueBoolean value="false"/>
          </parameter>
          <parameter>
            <name value="warning-experimental"/>
            <valueUri value="https://terminology.cara.ch/CodeSystem/cara-locale|0.1.0"/>
          </parameter>
          <parameter>
            <name value="used-codesystem"/>
            <valueUri value="https://terminology.cara.ch/CodeSystem/cara-locale|0.1.0"/>
          </parameter>
          <contains>
            <system value="https://terminology.cara.ch/CodeSystem/cara-locale"/>
            <code value="fr-CH"/>
            <display value="French (Switzerland)"/>
          </contains>
          <contains>
            <system value="https://terminology.cara.ch/CodeSystem/cara-locale"/>
            <code value="de-CH"/>
            <display value="German (Switzerland)"/>
          </contains>
          <contains>
            <system value="https://terminology.cara.ch/CodeSystem/cara-locale"/>
            <code value="it-CH"/>
            <display value="Italian (Switzerland)"/>
          </contains>
          <contains>
            <system value="https://terminology.cara.ch/CodeSystem/cara-locale"/>
            <code value="rm-CH"/>
            <display value="Romansh (Switzerland)"/>
          </contains>
          <contains>
            <system value="https://terminology.cara.ch/CodeSystem/cara-locale"/>
            <code value="en-US"/>
            <display value="English (United States)"/>
          </contains>
        </expansion>
      </ValueSet>
    </resource>
  </entry>
  <entry>
    <fullUrl value="https://terminology.cara.ch/ValueSet/scp-contextualdata-type"/>
    <resource>
      <ValueSet>
        <text>
          <status value="generated"/>
          <div xmlns="http://www.w3.org/1999/xhtml">
            <p>This value set contains 5 concepts</p>
            <div style="border: black 1px dotted; background-color: #EEEEEE; padding: 8px; margin-bottom: 8px">
              <p>Expansion based on: </p>
              <ul>
                <li>
                  <a href="CodeSystem-ScpLoincCompositionSection.html">codesystem SCP - Goal Type - LOINC v0.1.0 (CodeSystem)</a>
                </li>
                <li>
                  <a href="CodeSystem-ScpSnomedCompositionSection.html">codesystem SCP - Composition Section Type - SNOMED CT v0.1.0 (CodeSystem)</a>
                </li>
              </ul>
            </div>
            <table class="codes">
              <tr>
                <td style="white-space:nowrap">
                  <b>Code</b>
                </td>
                <td>
                  <b>System</b>
                </td>
                <td>
                  <b>Display</b>
                </td>
              </tr>
              <tr>
                <td style="white-space:nowrap">
                  <a name="https---terminology.cara.ch-CodeSystem-scp-loinc-composition-section-29762-2"> </a>  
                  <a href="CodeSystem-ScpLoincCompositionSection.html#ScpLoincCompositionSection-29762-2">29762-2</a>
                </td>
                <td>https://terminology.cara.ch/CodeSystem/scp-loinc-composition-section</td>
                <td>Social history</td>
              </tr>
              <tr>
                <td style="white-space:nowrap">
                  <a name="https---terminology.cara.ch-CodeSystem-scp-loinc-composition-section-11348-0"> </a>  
                  <a href="CodeSystem-ScpLoincCompositionSection.html#ScpLoincCompositionSection-11348-0">11348-0</a>
                </td>
                <td>https://terminology.cara.ch/CodeSystem/scp-loinc-composition-section</td>
                <td>Past medical history</td>
              </tr>
              <tr>
                <td style="white-space:nowrap">
                  <a name="https---terminology.cara.ch-CodeSystem-scp-loinc-composition-section-29299-5"> </a>  
                  <a href="CodeSystem-ScpLoincCompositionSection.html#ScpLoincCompositionSection-29299-5">29299-5</a>
                </td>
                <td>https://terminology.cara.ch/CodeSystem/scp-loinc-composition-section</td>
                <td>Reason for visit</td>
              </tr>
              <tr>
                <td style="white-space:nowrap">
                  <a name="https---terminology.cara.ch-CodeSystem-scp-loinc-composition-section-42348-3"> </a>  
                  <a href="CodeSystem-ScpLoincCompositionSection.html#ScpLoincCompositionSection-42348-3">42348-3</a>
                </td>
                <td>https://terminology.cara.ch/CodeSystem/scp-loinc-composition-section</td>
                <td>Advance directives</td>
              </tr>
              <tr>
                <td style="white-space:nowrap">
                  <a name="https---terminology.cara.ch-CodeSystem-scp-snomed-composition-section-70862002"> </a>  
                  <a href="CodeSystem-ScpSnomedCompositionSection.html#ScpSnomedCompositionSection-70862002">70862002</a>
                </td>
                <td>https://terminology.cara.ch/CodeSystem/scp-snomed-composition-section</td>
                <td>Contact person</td>
              </tr>
            </table>
          </div>
        </text>
        <url value="https://terminology.cara.ch/ValueSet/scp-contextualdata-type"/>
        <version value="0.1.0"/>
        <name value="ScpContextualDataType"/>
        <title value="SCP - Contextual Data Type"/>
        <status value="draft"/>
        <date value="2023-09-27T16:22:28+02:00"/>
        <expansion>
          <identifier value="urn:uuid:385daf3a-49cb-4663-85b6-14f6990f8819"/>
          <timestamp value="2023-09-27T16:22:47+02:00"/>
          <total value="5"/>
          <parameter>
            <name value="excludeNested"/>
            <valueBoolean value="false"/>
          </parameter>
          <parameter>
            <name value="warning-experimental"/>
            <valueUri value="https://terminology.cara.ch/CodeSystem/scp-loinc-composition-section|0.1.0"/>
          </parameter>
          <parameter>
            <name value="used-codesystem"/>
            <valueUri value="https://terminology.cara.ch/CodeSystem/scp-loinc-composition-section|0.1.0"/>
          </parameter>
          <parameter>
            <name value="warning-experimental"/>
            <valueUri value="https://terminology.cara.ch/CodeSystem/scp-snomed-composition-section|0.1.0"/>
          </parameter>
          <parameter>
            <name value="used-codesystem"/>
            <valueUri value="https://terminology.cara.ch/CodeSystem/scp-snomed-composition-section|0.1.0"/>
          </parameter>
          <contains>
            <system value="https://terminology.cara.ch/CodeSystem/scp-loinc-composition-section"/>
            <code value="29762-2"/>
            <display value="Social history"/>
          </contains>
          <contains>
            <system value="https://terminology.cara.ch/CodeSystem/scp-loinc-composition-section"/>
            <code value="11348-0"/>
            <display value="Past medical history"/>
          </contains>
          <contains>
            <system value="https://terminology.cara.ch/CodeSystem/scp-loinc-composition-section"/>
            <code value="29299-5"/>
            <display value="Reason for visit"/>
          </contains>
          <contains>
            <system value="https://terminology.cara.ch/CodeSystem/scp-loinc-composition-section"/>
            <code value="42348-3"/>
            <display value="Advance directives"/>
          </contains>
          <contains>
            <system value="https://terminology.cara.ch/CodeSystem/scp-snomed-composition-section"/>
            <code value="70862002"/>
            <display value="Contact person"/>
          </contains>
        </expansion>
      </ValueSet>
    </resource>
  </entry>
  <entry>
    <fullUrl value="https://terminology.cara.ch/ValueSet/scp-goal-type"/>
    <resource>
      <ValueSet>
        <text>
          <status value="generated"/>
          <div xmlns="http://www.w3.org/1999/xhtml">
            <p>This value set contains 5 concepts</p>
            <p style="border: black 1px dotted; background-color: #EEEEEE; padding: 8px; margin-bottom: 8px">Expansion based on 
              <a href="CodeSystem-ScpCustomGoalType.html">codesystem SCP - Goal Type - Custom v0.1.0 (CodeSystem)</a>
            </p>
            <table class="codes">
              <tr>
                <td style="white-space:nowrap">
                  <b>Code</b>
                </td>
                <td>
                  <b>System</b>
                </td>
                <td>
                  <b>Display</b>
                </td>
              </tr>
              <tr>
                <td style="white-space:nowrap">
                  <a name="https---terminology.cara.ch-CodeSystem-scp-custom-goal-type-dietary"> </a>  
                  <a href="CodeSystem-ScpCustomGoalType.html#ScpCustomGoalType-dietary">dietary</a>
                </td>
                <td>https://terminology.cara.ch/CodeSystem/scp-custom-goal-type</td>
                <td>Dietary</td>
              </tr>
              <tr>
                <td style="white-space:nowrap">
                  <a name="https---terminology.cara.ch-CodeSystem-scp-custom-goal-type-safety"> </a>  
                  <a href="CodeSystem-ScpCustomGoalType.html#ScpCustomGoalType-safety">safety</a>
                </td>
                <td>https://terminology.cara.ch/CodeSystem/scp-custom-goal-type</td>
                <td>Safety</td>
              </tr>
              <tr>
                <td style="white-space:nowrap">
                  <a name="https---terminology.cara.ch-CodeSystem-scp-custom-goal-type-behavioral"> </a>  
                  <a href="CodeSystem-ScpCustomGoalType.html#ScpCustomGoalType-behavioral">behavioral</a>
                </td>
                <td>https://terminology.cara.ch/CodeSystem/scp-custom-goal-type</td>
                <td>Behavioral</td>
              </tr>
              <tr>
                <td style="white-space:nowrap">
                  <a name="https---terminology.cara.ch-CodeSystem-scp-custom-goal-type-nursing"> </a>  
                  <a href="CodeSystem-ScpCustomGoalType.html#ScpCustomGoalType-nursing">nursing</a>
                </td>
                <td>https://terminology.cara.ch/CodeSystem/scp-custom-goal-type</td>
                <td>Nursing</td>
              </tr>
              <tr>
                <td style="white-space:nowrap">
                  <a name="https---terminology.cara.ch-CodeSystem-scp-custom-goal-type-physiotherapy"> </a>  
                  <a href="CodeSystem-ScpCustomGoalType.html#ScpCustomGoalType-physiotherapy">physiotherapy</a>
                </td>
                <td>https://terminology.cara.ch/CodeSystem/scp-custom-goal-type</td>
                <td>Physiotherapy</td>
              </tr>
            </table>
          </div>
        </text>
        <url value="https://terminology.cara.ch/ValueSet/scp-goal-type"/>
        <version value="0.1.0"/>
        <name value="ScpGoalType"/>
        <title value="SCP - Goal Type"/>
        <status value="draft"/>
        <date value="2023-09-27T16:22:28+02:00"/>
        <expansion>
          <identifier value="urn:uuid:ddb99de9-d05a-45af-887d-888def549f21"/>
          <timestamp value="2023-09-27T16:22:47+02:00"/>
          <total value="5"/>
          <parameter>
            <name value="excludeNested"/>
            <valueBoolean value="false"/>
          </parameter>
          <parameter>
            <name value="warning-experimental"/>
            <valueUri value="https://terminology.cara.ch/CodeSystem/scp-custom-goal-type|0.1.0"/>
          </parameter>
          <parameter>
            <name value="used-codesystem"/>
            <valueUri value="https://terminology.cara.ch/CodeSystem/scp-custom-goal-type|0.1.0"/>
          </parameter>
          <contains>
            <system value="https://terminology.cara.ch/CodeSystem/scp-custom-goal-type"/>
            <code value="dietary"/>
            <display value="Dietary"/>
          </contains>
          <contains>
            <system value="https://terminology.cara.ch/CodeSystem/scp-custom-goal-type"/>
            <code value="safety"/>
            <display value="Safety"/>
          </contains>
          <contains>
            <system value="https://terminology.cara.ch/CodeSystem/scp-custom-goal-type"/>
            <code value="behavioral"/>
            <display value="Behavioral"/>
          </contains>
          <contains>
            <system value="https://terminology.cara.ch/CodeSystem/scp-custom-goal-type"/>
            <code value="nursing"/>
            <display value="Nursing"/>
          </contains>
          <contains>
            <system value="https://terminology.cara.ch/CodeSystem/scp-custom-goal-type"/>
            <code value="physiotherapy"/>
            <display value="Physiotherapy"/>
          </contains>
        </expansion>
      </ValueSet>
    </resource>
  </entry>
  <entry>
    <fullUrl value="https://terminology.cara.ch/ValueSet/scp-target-type"/>
    <resource>
      <ValueSet>
        <text>
          <status value="generated"/>
          <div xmlns="http://www.w3.org/1999/xhtml">
            <p>This value set contains 15 concepts</p>
            <div style="border: black 1px dotted; background-color: #EEEEEE; padding: 8px; margin-bottom: 8px">
              <p>Expansion based on: </p>
              <ul>
                <li>
                  <a href="CodeSystem-ScpSnomedParameterGroup.html">codesystem SCP - Parameter Group - SNOMED CT v0.1.0 (CodeSystem)</a>
                </li>
                <li>
                  <a href="CodeSystem-ScpSnomedParameterType.html">codesystem SCP - Parameter Type - SNOMED CT v0.1.0 (CodeSystem)</a>
                </li>
              </ul>
            </div>
            <table class="codes">
              <tr>
                <td style="white-space:nowrap">
                  <b>Code</b>
                </td>
                <td>
                  <b>System</b>
                </td>
                <td>
                  <b>Display</b>
                </td>
              </tr>
              <tr>
                <td style="white-space:nowrap">
                  <a name="https---terminology.cara.ch-CodeSystem-scp-parameter-type-271649006"> </a>  
                  <a href="CodeSystem-ScpSnomedParameterType.html#ScpSnomedParameterType-271649006">271649006</a>
                </td>
                <td>https://terminology.cara.ch/CodeSystem/scp-parameter-type</td>
                <td>Systolic blood pressure</td>
              </tr>
              <tr>
                <td style="white-space:nowrap">
                  <a name="https---terminology.cara.ch-CodeSystem-scp-parameter-type-271650006"> </a>  
                  <a href="CodeSystem-ScpSnomedParameterType.html#ScpSnomedParameterType-271650006">271650006</a>
                </td>
                <td>https://terminology.cara.ch/CodeSystem/scp-parameter-type</td>
                <td>Diastolic Blood Pressure</td>
              </tr>
              <tr>
                <td style="white-space:nowrap">
                  <a name="https---terminology.cara.ch-CodeSystem-scp-parameter-type-27113001"> </a>  
                  <a href="CodeSystem-ScpSnomedParameterType.html#ScpSnomedParameterType-27113001">27113001</a>
                </td>
                <td>https://terminology.cara.ch/CodeSystem/scp-parameter-type</td>
                <td>Body weight</td>
              </tr>
              <tr>
                <td style="white-space:nowrap">
                  <a name="https---terminology.cara.ch-CodeSystem-scp-parameter-type-86290005"> </a>  
                  <a href="CodeSystem-ScpSnomedParameterType.html#ScpSnomedParameterType-86290005">86290005</a>
                </td>
                <td>https://terminology.cara.ch/CodeSystem/scp-parameter-type</td>
                <td>Respiratory rate</td>
              </tr>
              <tr>
                <td style="white-space:nowrap">
                  <a name="https---terminology.cara.ch-CodeSystem-scp-parameter-type-405176005"> </a>  
                  <a href="CodeSystem-ScpSnomedParameterType.html#ScpSnomedParameterType-405176005">405176005</a>
                </td>
                <td>https://terminology.cara.ch/CodeSystem/scp-parameter-type</td>
                <td>Blood glucose status</td>
              </tr>
              <tr>
                <td style="white-space:nowrap">
                  <a name="https---terminology.cara.ch-CodeSystem-scp-parameter-type-408591000"> </a>  
                  <a href="CodeSystem-ScpSnomedParameterType.html#ScpSnomedParameterType-408591000">408591000</a>
                </td>
                <td>https://terminology.cara.ch/CodeSystem/scp-parameter-type</td>
                <td>HBA1c target</td>
              </tr>
              <tr>
                <td style="white-space:nowrap">
                  <a name="https---terminology.cara.ch-CodeSystem-scp-parameter-type-8499008"> </a>  
                  <a href="CodeSystem-ScpSnomedParameterType.html#ScpSnomedParameterType-8499008">8499008</a>
                </td>
                <td>https://terminology.cara.ch/CodeSystem/scp-parameter-type</td>
                <td>Pulse</td>
              </tr>
              <tr>
                <td style="white-space:nowrap">
                  <a name="https---terminology.cara.ch-CodeSystem-scp-parameter-type-103228002"> </a>  
                  <a href="CodeSystem-ScpSnomedParameterType.html#ScpSnomedParameterType-103228002">103228002</a>
                </td>
                <td>https://terminology.cara.ch/CodeSystem/scp-parameter-type</td>
                <td>Blood oxygen saturation</td>
              </tr>
              <tr>
                <td style="white-space:nowrap">
                  <a name="https---terminology.cara.ch-CodeSystem-scp-parameter-type-386725007"> </a>  
                  <a href="CodeSystem-ScpSnomedParameterType.html#ScpSnomedParameterType-386725007">386725007</a>
                </td>
                <td>https://terminology.cara.ch/CodeSystem/scp-parameter-type</td>
                <td>Body temperature</td>
              </tr>
              <tr>
                <td style="white-space:nowrap">
                  <a name="https---terminology.cara.ch-CodeSystem-scp-parameter-type-853681000000104"> </a>  
                  <a href="CodeSystem-ScpSnomedParameterType.html#ScpSnomedParameterType-853681000000104">853681000000104</a>
                </td>
                <td>https://terminology.cara.ch/CodeSystem/scp-parameter-type</td>
                <td>Total cholesterol level</td>
              </tr>
              <tr>
                <td style="white-space:nowrap">
                  <a name="https---terminology.cara.ch-CodeSystem-scp-parameter-type-850991000000104"> </a>  
                  <a href="CodeSystem-ScpSnomedParameterType.html#ScpSnomedParameterType-850991000000104">850991000000104</a>
                </td>
                <td>https://terminology.cara.ch/CodeSystem/scp-parameter-type</td>
                <td>Triglyceride level</td>
              </tr>
              <tr>
                <td style="white-space:nowrap">
                  <a name="https---terminology.cara.ch-CodeSystem-scp-parameter-type-1028861000000101"> </a>  
                  <a href="CodeSystem-ScpSnomedParameterType.html#ScpSnomedParameterType-1028861000000101">1028861000000101</a>
                </td>
                <td>https://terminology.cara.ch/CodeSystem/scp-parameter-type</td>
                <td>Plasma fasting LDL (low density lipoprotein) cholesterol level</td>
              </tr>
              <tr>
                <td style="white-space:nowrap">
                  <a name="https---terminology.cara.ch-CodeSystem-scp-parameter-type-1028841000000102"> </a>  
                  <a href="CodeSystem-ScpSnomedParameterType.html#ScpSnomedParameterType-1028841000000102">1028841000000102</a>
                </td>
                <td>https://terminology.cara.ch/CodeSystem/scp-parameter-type</td>
                <td>Plasma fasting HDL (high density lipoprotein) cholesterol level</td>
              </tr>
              <tr>
                <td style="white-space:nowrap">
                  <a name="https---terminology.cara.ch-CodeSystem-scp-parameter-group-75367002"> </a>  
                  <a href="CodeSystem-ScpSnomedParameterGroup.html#ScpSnomedParameterGroup-75367002">75367002</a>
                </td>
                <td>https://terminology.cara.ch/CodeSystem/scp-parameter-group</td>
                <td>Blood pressure</td>
              </tr>
              <tr>
                <td style="white-space:nowrap">
                  <a name="https---terminology.cara.ch-CodeSystem-scp-parameter-group-1020831000000109"> </a>  
                  <a href="CodeSystem-ScpSnomedParameterGroup.html#ScpSnomedParameterGroup-1020831000000109">1020831000000109</a>
                </td>
                <td>https://terminology.cara.ch/CodeSystem/scp-parameter-group</td>
                <td>Lipid level</td>
              </tr>
            </table>
          </div>
        </text>
        <url value="https://terminology.cara.ch/ValueSet/scp-target-type"/>
        <version value="0.1.0"/>
        <name value="ScpTargetType"/>
        <title value="SCP - Parameter Type"/>
        <status value="draft"/>
        <date value="2023-09-27T16:22:28+02:00"/>
        <expansion>
          <identifier value="urn:uuid:19857f25-ab9a-4f84-9fed-1d4985280df2"/>
          <timestamp value="2023-09-27T16:22:48+02:00"/>
          <total value="15"/>
          <parameter>
            <name value="excludeNested"/>
            <valueBoolean value="false"/>
          </parameter>
          <parameter>
            <name value="warning-experimental"/>
            <valueUri value="https://terminology.cara.ch/CodeSystem/scp-parameter-type|0.1.0"/>
          </parameter>
          <parameter>
            <name value="used-codesystem"/>
            <valueUri value="https://terminology.cara.ch/CodeSystem/scp-parameter-type|0.1.0"/>
          </parameter>
          <parameter>
            <name value="warning-experimental"/>
            <valueUri value="https://terminology.cara.ch/CodeSystem/scp-parameter-group|0.1.0"/>
          </parameter>
          <parameter>
            <name value="used-codesystem"/>
            <valueUri value="https://terminology.cara.ch/CodeSystem/scp-parameter-group|0.1.0"/>
          </parameter>
          <contains>
            <system value="https://terminology.cara.ch/CodeSystem/scp-parameter-type"/>
            <code value="271649006"/>
            <display value="Systolic blood pressure"/>
          </contains>
          <contains>
            <system value="https://terminology.cara.ch/CodeSystem/scp-parameter-type"/>
            <code value="271650006"/>
            <display value="Diastolic Blood Pressure"/>
          </contains>
          <contains>
            <system value="https://terminology.cara.ch/CodeSystem/scp-parameter-type"/>
            <code value="27113001"/>
            <display value="Body weight"/>
          </contains>
          <contains>
            <system value="https://terminology.cara.ch/CodeSystem/scp-parameter-type"/>
            <code value="86290005"/>
            <display value="Respiratory rate"/>
          </contains>
          <contains>
            <system value="https://terminology.cara.ch/CodeSystem/scp-parameter-type"/>
            <code value="405176005"/>
            <display value="Blood glucose status"/>
          </contains>
          <contains>
            <system value="https://terminology.cara.ch/CodeSystem/scp-parameter-type"/>
            <code value="408591000"/>
            <display value="HBA1c target"/>
          </contains>
          <contains>
            <system value="https://terminology.cara.ch/CodeSystem/scp-parameter-type"/>
            <code value="8499008"/>
            <display value="Pulse"/>
          </contains>
          <contains>
            <system value="https://terminology.cara.ch/CodeSystem/scp-parameter-type"/>
            <code value="103228002"/>
            <display value="Blood oxygen saturation"/>
          </contains>
          <contains>
            <system value="https://terminology.cara.ch/CodeSystem/scp-parameter-type"/>
            <code value="386725007"/>
            <display value="Body temperature"/>
          </contains>
          <contains>
            <system value="https://terminology.cara.ch/CodeSystem/scp-parameter-type"/>
            <code value="853681000000104"/>
            <display value="Total cholesterol level"/>
          </contains>
          <contains>
            <system value="https://terminology.cara.ch/CodeSystem/scp-parameter-type"/>
            <code value="850991000000104"/>
            <display value="Triglyceride level"/>
          </contains>
          <contains>
            <system value="https://terminology.cara.ch/CodeSystem/scp-parameter-type"/>
            <code value="1028861000000101"/>
            <display value="Plasma fasting LDL (low density lipoprotein) cholesterol level"/>
          </contains>
          <contains>
            <system value="https://terminology.cara.ch/CodeSystem/scp-parameter-type"/>
            <code value="1028841000000102"/>
            <display value="Plasma fasting HDL (high density lipoprotein) cholesterol level"/>
          </contains>
          <contains>
            <system value="https://terminology.cara.ch/CodeSystem/scp-parameter-group"/>
            <code value="75367002"/>
            <display value="Blood pressure"/>
          </contains>
          <contains>
            <system value="https://terminology.cara.ch/CodeSystem/scp-parameter-group"/>
            <code value="1020831000000109"/>
            <display value="Lipid level"/>
          </contains>
        </expansion>
      </ValueSet>
    </resource>
  </entry>
  <entry>
    <fullUrl value="https://terminology.cara.ch/ValueSet/cara-platform-namespace"/>
    <resource>
      <ValueSet>
        <text>
          <status value="generated"/>
          <div xmlns="http://www.w3.org/1999/xhtml">
            <p>This value set contains 2 concepts</p>
            <p style="border: black 1px dotted; background-color: #EEEEEE; padding: 8px; margin-bottom: 8px">Expansion based on 
              <a href="CodeSystem-FhirvaultNamespace.html">codesystem CARA - FHIR Vault Namespace v0.1.0 (CodeSystem)</a>
            </p>
            <table class="codes">
              <tr>
                <td style="white-space:nowrap">
                  <b>Code</b>
                </td>
                <td>
                  <b>System</b>
                </td>
                <td>
                  <b>Display</b>
                </td>
              </tr>
              <tr>
                <td style="white-space:nowrap">
                  <a name="https---terminology.cara.ch-CodeSystem-fhirvault-namespace-cara-authx"> </a>  
                  <a href="CodeSystem-FhirvaultNamespace.html#FhirvaultNamespace-cara.58authx">cara:authx</a>
                </td>
                <td>https://terminology.cara.ch/CodeSystem/fhirvault-namespace</td>
                <td>AuthX</td>
              </tr>
              <tr>
                <td style="white-space:nowrap">
                  <a name="https---terminology.cara.ch-CodeSystem-fhirvault-namespace-cara-scp"> </a>  
                  <a href="CodeSystem-FhirvaultNamespace.html#FhirvaultNamespace-cara.58scp">cara:scp</a>
                </td>
                <td>https://terminology.cara.ch/CodeSystem/fhirvault-namespace</td>
                <td>Shared Care Plan</td>
              </tr>
            </table>
          </div>
        </text>
        <url value="https://terminology.cara.ch/ValueSet/cara-platform-namespace"/>
        <version value="0.1.0"/>
        <name value="CaraPlatformNamespace"/>
        <title value="CARA - Platform Namespaces"/>
        <status value="draft"/>
        <date value="2023-09-27T16:22:28+02:00"/>
        <expansion>
          <identifier value="urn:uuid:49604231-8d2c-41c8-a36f-ffed54666578"/>
          <timestamp value="2023-09-27T16:22:48+02:00"/>
          <total value="2"/>
          <parameter>
            <name value="excludeNested"/>
            <valueBoolean value="false"/>
          </parameter>
          <parameter>
            <name value="warning-experimental"/>
            <valueUri value="https://terminology.cara.ch/CodeSystem/fhirvault-namespace|0.1.0"/>
          </parameter>
          <parameter>
            <name value="used-codesystem"/>
            <valueUri value="https://terminology.cara.ch/CodeSystem/fhirvault-namespace|0.1.0"/>
          </parameter>
          <contains>
            <system value="https://terminology.cara.ch/CodeSystem/fhirvault-namespace"/>
            <code value="cara:authx"/>
            <display value="AuthX"/>
          </contains>
          <contains>
            <system value="https://terminology.cara.ch/CodeSystem/fhirvault-namespace"/>
            <code value="cara:scp"/>
            <display value="Shared Care Plan"/>
          </contains>
        </expansion>
      </ValueSet>
    </resource>
  </entry>
</Bundle>