{
  "resourceType" : "Patient",
  "id" : "AliceProfile",
  "meta" : {
    "profile" : ["https://terminology.cara.ch/StructureDefinition/cara-patient-profile"],
    "tag" : [{
      "system" : "https://terminology.cara.ch/CodeSystem/fhirvault-namespace",
      "code" : "cara:authx"
    }]
  },
  "text" : {
    "status" : "generated",
    "div" : "<div xmlns=\"http://www.w3.org/1999/xhtml\"><p style=\"border: 1px #661aff solid; background-color: #e6e6ff; padding: 10px;\"><b>Anonymous Patient</b> (no stated gender), DoB Unknown ( id:\u00a0urn:cara:account:11a41a24-e877-4301-b0a8-97853f386e78)</p><hr/><table class=\"grid\"><tr><td style=\"background-color: #f3f5da\" title=\"Record is active\">Active:</td><td colspan=\"3\">true</td></tr><tr><td style=\"background-color: #f3f5da\" title=\"Ways to contact the Patient\">Contact Detail:</td><td colspan=\"3\"><a href=\"mailto:alice@email.local\">alice@email.local</a></td></tr><tr><td style=\"background-color: #f3f5da\" title=\"Languages spoken\">Language:</td><td colspan=\"3\"><span title=\"Codes: {https://terminology.cara.ch/CodeSystem/cara-locale fr-CH}\">French (Switzerland)</span> (preferred)</td></tr></table></div>"
  },
  "identifier" : [{
    "system" : "urn:cara:account",
    "value" : "urn:cara:account:11a41a24-e877-4301-b0a8-97853f386e78"
  }],
  "active" : true,
  "telecom" : [{
    "system" : "email",
    "value" : "alice@email.local"
  }],
  "communication" : [{
    "language" : {
      "coding" : [{
        "system" : "https://terminology.cara.ch/CodeSystem/cara-locale",
        "code" : "fr-CH"
      }]
    },
    "preferred" : true
  }]
}