{
  "package": "fish",
  "version": "0.1.0",
  "fhirVersion": "4.0.1",
  "extensions": [
    {
      "url": "http://example.org/fhir/fish/StructureDefinition/anticipate-directives-epr",
      "title": "Advance Directives in EHR",
      "types": [
        "boolean"
      ]
    },
    {
      "url": "http://example.org/fhir/fish/StructureDefinition/anticipate-directives-exist",
      "title": "Existence of AD",
      "types": [
        "boolean"
      ]
    },
    {
      "url": "http://example.org/fhir/fish/StructureDefinition/attention-point",
      "title": "Attention Point",
      "types": [
        "boolean"
      ]
    },
    {
      "url": "http://example.org/fhir/fish/StructureDefinition/country-of-birth",
      "title": "Country of Birth",
      "types": [
        "CodeableConcept"
      ]
    },
    {
      "url": "http://example.org/fhir/fish/StructureDefinition/expressed-by",
      "title": "Expressed By",
      "types": [
        "Reference"
      ]
    },
    {
      "url": "http://example.org/fhir/fish/StructureDefinition/historical-data",
      "title": "Historical Data",
      "types": [
        "string"
      ]
    },
    {
      "url": "http://example.org/fhir/fish/StructureDefinition/outcome-reference",
      "title": "Outcome Reference",
      "types": [
        "CodeableConcept"
      ]
    },
    {
      "url": "http://example.org/fhir/fish/StructureDefinition/patient-priorities",
      "title": "Patient Priorities",
      "types": [
        "string"
      ]
    },
    {
      "url": "http://example.org/fhir/fish/StructureDefinition/reason-reference",
      "title": "Reason Reference",
      "types": [
        "string"
      ]
    },
    {
      "url": "http://example.org/fhir/fish/StructureDefinition/reference",
      "title": "Reference",
      "types": [
        "Reference"
      ]
    },
    {
      "url": "http://example.org/fhir/fish/StructureDefinition/social-data",
      "title": "Social Data",
      "types": [
        "string"
      ]
    }
  ],
  "profiles": {
    "Patient": [
      {
        "url": "http://example.org/fhir/fish/StructureDefinition/cara-patient",
        "title": "Patient"
      }
    ],
    "CarePlan": [
      {
        "url": "http://example.org/fhir/fish/StructureDefinition/careplan",
        "title": "Care Plan"
      }
    ],
    "Goal": [
      {
        "url": "http://example.org/fhir/fish/StructureDefinition/goal",
        "title": "Goal"
      }
    ],
    "Practitioner": [
      {
        "url": "http://example.org/fhir/fish/StructureDefinition/veterinarian",
        "title": "Veterinarian"
      }
    ]
  },
  "usage": {
    "http://example.org/fhir/fish/StructureDefinition/attention-point": [
      "CarePlan.activity"
    ],
    "http://example.org/fhir/fish/StructureDefinition/country-of-birth": [
      "Patient"
    ],
    "http://example.org/fhir/fish/StructureDefinition/expressed-by": [
      "Goal"
    ],
    "http://example.org/fhir/fish/StructureDefinition/historical-data": [
      "CarePlan"
    ],
    "http://example.org/fhir/fish/StructureDefinition/outcome-reference": [
      "CarePlan.activity"
    ],
    "http://example.org/fhir/fish/StructureDefinition/patient-priorities": [
      "CarePlan"
    ],
    "http://example.org/fhir/fish/StructureDefinition/reason-reference": [
      "Goal"
    ],
    "http://example.org/fhir/fish/StructureDefinition/reference": [
      "CarePlan.activity"
    ],
    "http://example.org/fhir/fish/StructureDefinition/social-data": [
      "CarePlan"
    ],
    "http://hl7.org/fhir/StructureDefinition/elementdefinition-bestpractice": [
      "StructureDefinition.snapshot.element.constraint"
    ],
    "http://hl7.org/fhir/StructureDefinition/elementdefinition-bestpractice-explanation": [
      "StructureDefinition.snapshot.element.constraint"
    ],
    "http://hl7.org/fhir/StructureDefinition/elementdefinition-bindingName": [
      "StructureDefinition.snapshot.element.binding"
    ],
    "http://hl7.org/fhir/StructureDefinition/elementdefinition-isCommonBinding": [
      "StructureDefinition.snapshot.element.binding"
    ],
    "http://hl7.org/fhir/StructureDefinition/elementdefinition-maxValueSet": [
      "StructureDefinition.snapshot.element.binding"
    ],
    "http://hl7.org/fhir/StructureDefinition/structuredefinition-explicit-type-name": [
      "StructureDefinition.snapshot.element"
    ],
    "http://hl7.org/fhir/StructureDefinition/structuredefinition-fhir-type": [
      "StructureDefinition.snapshot.element.type"
    ],
    "http://hl7.org/fhir/StructureDefinition/structuredefinition-hierarchy": [
      "StructureDefinition.snapshot.element.type"
    ],
    "http://hl7.org/fhir/tools/StructureDefinition/ig-internal-dependency": [
      "ImplementationGuide.definition"
    ],
    "http://hl7.org/fhir/tools/StructureDefinition/ig-page-name": [
      "ImplementationGuide.definition.page",
      "ImplementationGuide.definition.page.page"
    ],
    "http://hl7.org/fhir/tools/StructureDefinition/ig-parameter": [
      "ImplementationGuide.definition"
    ],
    "http://hl7.org/fhir/tools/StructureDefinition/implementationguide-dependency-comment": [
      "ImplementationGuide.dependsOn"
    ],
    "http://hl7.org/fhir/tools/StructureDefinition/resource-information": [
      "ImplementationGuide.definition.resource"
    ]
  }
}