{
  "package": "fish",
  "version": "0.1.0",
  "fhirVersion": "4.0.1",
  "extensions": [
    {
      "url": "http://example.org/fhir/fish/StructureDefinition/anticipate-directives-epr",
      "title": "Advance Directives in EHR",
      "types": [
        "boolean"
      ]
    },
    {
      "url": "http://example.org/fhir/fish/StructureDefinition/anticipate-directives-exist",
      "title": "Existence of AD",
      "types": [
        "boolean"
      ]
    },
    {
      "url": "http://example.org/fhir/fish/StructureDefinition/attention-point",
      "title": "Attention Point",
      "types": [
        "boolean"
      ]
    },
    {
      "url": "http://example.org/fhir/fish/StructureDefinition/country-of-birth",
      "title": "Country of Birth",
      "types": [
        "CodeableConcept"
      ]
    },
    {
      "url": "http://example.org/fhir/fish/StructureDefinition/historical-data",
      "title": "Historical Data",
      "types": [
        "string"
      ]
    },
    {
      "url": "http://example.org/fhir/fish/StructureDefinition/patient-priorities",
      "title": "Patient Priorities",
      "types": [
        "string"
      ]
    },
    {
      "url": "http://example.org/fhir/fish/StructureDefinition/social-data",
      "title": "Social Data",
      "types": [
        "string"
      ]
    }
  ],
  "profiles": {
    "Observation": [
      {
        "url": "http://example.org/fhir/fish/StructureDefinition/Observation",
        "title": "Observation"
      }
    ],
    "AllergyIntolerance": [
      {
        "url": "http://example.org/fhir/fish/StructureDefinition/allergy-intolerance",
        "title": "AllergyIntolerance"
      }
    ],
    "Patient": [
      {
        "url": "http://example.org/fhir/fish/StructureDefinition/cara-patient",
        "title": "Patient"
      }
    ],
    "CareTeam": [
      {
        "url": "http://example.org/fhir/fish/StructureDefinition/care-team",
        "title": "Care Team"
      }
    ],
    "CarePlan": [
      {
        "url": "http://example.org/fhir/fish/StructureDefinition/careplan",
        "title": "Care Plan"
      }
    ],
    "Condition": [
      {
        "url": "http://example.org/fhir/fish/StructureDefinition/condition",
        "title": "Condition"
      }
    ],
    "Goal": [
      {
        "url": "http://example.org/fhir/fish/StructureDefinition/goal",
        "title": "Goal"
      }
    ],
    "Organization": [
      {
        "url": "http://example.org/fhir/fish/StructureDefinition/organization",
        "title": "Organization"
      }
    ],
    "RelatedPerson": [
      {
        "url": "http://example.org/fhir/fish/StructureDefinition/related-person",
        "title": "Related Person"
      }
    ]
  },
  "usage": {
    "http://example.org/fhir/fish/StructureDefinition/anticipate-directives-epr": [
      "CarePlan"
    ],
    "http://example.org/fhir/fish/StructureDefinition/anticipate-directives-exist": [
      "CarePlan"
    ],
    "http://example.org/fhir/fish/StructureDefinition/attention-point": [
      "CarePlan.activity"
    ],
    "http://example.org/fhir/fish/StructureDefinition/country-of-birth": [
      "Patient"
    ],
    "http://example.org/fhir/fish/StructureDefinition/historical-data": [
      "CarePlan"
    ],
    "http://example.org/fhir/fish/StructureDefinition/patient-priorities": [
      "CarePlan"
    ],
    "http://example.org/fhir/fish/StructureDefinition/social-data": [
      "CarePlan"
    ],
    "http://hl7.org/fhir/StructureDefinition/elementdefinition-bestpractice": [
      "StructureDefinition.snapshot.element.constraint"
    ],
    "http://hl7.org/fhir/StructureDefinition/elementdefinition-bestpractice-explanation": [
      "StructureDefinition.snapshot.element.constraint"
    ],
    "http://hl7.org/fhir/StructureDefinition/elementdefinition-bindingName": [
      "StructureDefinition.snapshot.element.binding"
    ],
    "http://hl7.org/fhir/StructureDefinition/elementdefinition-isCommonBinding": [
      "StructureDefinition.snapshot.element.binding"
    ],
    "http://hl7.org/fhir/StructureDefinition/elementdefinition-maxValueSet": [
      "StructureDefinition.snapshot.element.binding"
    ],
    "http://hl7.org/fhir/StructureDefinition/structuredefinition-display-hint": [
      "StructureDefinition.snapshot.element"
    ],
    "http://hl7.org/fhir/StructureDefinition/structuredefinition-explicit-type-name": [
      "StructureDefinition.snapshot.element"
    ],
    "http://hl7.org/fhir/StructureDefinition/structuredefinition-fhir-type": [
      "StructureDefinition.snapshot.element.type"
    ],
    "http://hl7.org/fhir/StructureDefinition/structuredefinition-hierarchy": [
      "StructureDefinition.snapshot.element.type"
    ],
    "http://hl7.org/fhir/StructureDefinition/structuredefinition-standards-status": [
      "StructureDefinition.snapshot.element"
    ],
    "http://hl7.org/fhir/tools/StructureDefinition/ig-internal-dependency": [
      "ImplementationGuide.definition"
    ],
    "http://hl7.org/fhir/tools/StructureDefinition/ig-page-name": [
      "ImplementationGuide.definition.page",
      "ImplementationGuide.definition.page.page"
    ],
    "http://hl7.org/fhir/tools/StructureDefinition/ig-parameter": [
      "ImplementationGuide.definition"
    ],
    "http://hl7.org/fhir/tools/StructureDefinition/implementationguide-dependency-comment": [
      "ImplementationGuide.dependsOn"
    ],
    "http://hl7.org/fhir/tools/StructureDefinition/resource-information": [
      "ImplementationGuide.definition.resource"
    ]
  }
}