{
  "package": "ch.cara.fhir.platform",
  "version": "0.1.0",
  "fhirVersion": "5.0.0",
  "extensions": [
    {
      "url": "https://terminology.cara.ch/StructureDefinition/cara-application-invitation-application",
      "title": "CARA - Application Invitation - Application",
      "types": [
        "string"
      ]
    },
    {
      "url": "https://terminology.cara.ch/StructureDefinition/cara-application-invitation-firstName",
      "title": "CARA - Application Invitation - First name",
      "types": [
        "string"
      ]
    },
    {
      "url": "https://terminology.cara.ch/StructureDefinition/cara-application-invitation-lastName",
      "title": "CARA - Application Invitation - Last name",
      "types": [
        "string"
      ]
    },
    {
      "url": "https://terminology.cara.ch/StructureDefinition/cara-application-invitation-mpiIdUrn",
      "title": "CARA - Application Invitation - MPI-ID",
      "types": [
        "string"
      ]
    },
    {
      "url": "https://terminology.cara.ch/StructureDefinition/scp-careteam-participant-comment",
      "title": "SCP - Care Team - Comment",
      "types": [
        "string"
      ]
    },
    {
      "url": "https://terminology.cara.ch/StructureDefinition/scp-careteam-participant-iscoordinator",
      "title": "SCP - Care Team - Coordinator",
      "types": [
        "boolean"
      ]
    },
    {
      "url": "https://terminology.cara.ch/StructureDefinition/scp-careteam-participant-ismanager",
      "title": "SCP - Care Team - Manager",
      "types": [
        "boolean"
      ]
    },
    {
      "url": "https://terminology.cara.ch/StructureDefinition/scp-contact-comment",
      "title": "SCP - Contact - Comment",
      "types": [
        "string"
      ]
    },
    {
      "url": "https://terminology.cara.ch/StructureDefinition/scp-contact-emergency",
      "title": "SCP - Contact - Emergency",
      "types": [
        "boolean"
      ]
    },
    {
      "url": "https://terminology.cara.ch/StructureDefinition/scp-contact-relationship",
      "title": "SCP - Contact - Relationship",
      "types": [
        "string"
      ]
    },
    {
      "url": "https://terminology.cara.ch/StructureDefinition/scp-contextualdata-ismanager",
      "title": "SCP - Care Team - Manager",
      "types": [
        "boolean"
      ]
    },
    {
      "url": "https://terminology.cara.ch/StructureDefinition/scp-goal-target-status",
      "title": "SCP - Goal - Target Status",
      "types": [
        "Coding"
      ]
    }
  ],
  "profiles": {
    "Practitioner": [
      {
        "url": "https://terminology.cara.ch/StructureDefinition/scp-teammember-practitioner",
        "title": "SCP - Team Member - Practitioner"
      }
    ],
    "Basic": [
      {
        "url": "https://terminology.cara.ch/StructureDefinition/cara-invitation",
        "title": "CARA - Application Invitation"
      }
    ],
    "Person": [
      {
        "url": "https://terminology.cara.ch/StructureDefinition/scp-contact",
        "title": "SCP - Contact"
      }
    ],
    "Patient": [
      {
        "url": "https://terminology.cara.ch/StructureDefinition/cara-patient-profile",
        "title": "CARA - Patient Profile"
      }
    ],
    "CarePlan": [
      {
        "url": "https://terminology.cara.ch/StructureDefinition/scp-careplan",
        "title": "SCP - Care Plan"
      }
    ],
    "CareTeam": [
      {
        "url": "https://terminology.cara.ch/StructureDefinition/scp-careteam",
        "title": "SCP - Care Team"
      }
    ],
    "Composition": [
      {
        "url": "https://terminology.cara.ch/StructureDefinition/scp-contextualdata",
        "title": "SCP - Contextual Data"
      }
    ],
    "Observation": [
      {
        "url": "https://terminology.cara.ch/StructureDefinition/scp-observation",
        "title": "SCP - Observaton"
      }
    ],
    "Goal": [
      {
        "url": "https://terminology.cara.ch/StructureDefinition/scp-goal",
        "title": "SCP - Goal"
      }
    ],
    "RelatedPerson": [
      {
        "url": "https://terminology.cara.ch/StructureDefinition/scp-teammember-relatedperson",
        "title": "SCP - Team Member - Related Person"
      }
    ]
  },
  "usage": {
    "http://hl7.org/fhir/StructureDefinition/elementdefinition-bestpractice": [
      "StructureDefinition.snapshot.element.constraint"
    ],
    "http://hl7.org/fhir/StructureDefinition/elementdefinition-bestpractice-explanation": [
      "StructureDefinition.snapshot.element.constraint"
    ],
    "http://hl7.org/fhir/StructureDefinition/elementdefinition-bindingName": [
      "StructureDefinition.snapshot.element.binding"
    ],
    "http://hl7.org/fhir/StructureDefinition/elementdefinition-isCommonBinding": [
      "StructureDefinition.snapshot.element.binding"
    ],
    "http://hl7.org/fhir/StructureDefinition/elementdefinition-translatable": [
      "StructureDefinition.snapshot.element"
    ],
    "http://hl7.org/fhir/StructureDefinition/structuredefinition-display-hint": [
      "StructureDefinition.snapshot.element"
    ],
    "http://hl7.org/fhir/StructureDefinition/structuredefinition-explicit-type-name": [
      "StructureDefinition.snapshot.element"
    ],
    "http://hl7.org/fhir/StructureDefinition/structuredefinition-fhir-type": [
      "StructureDefinition.snapshot.element.type"
    ],
    "http://hl7.org/fhir/StructureDefinition/structuredefinition-hierarchy": [
      "StructureDefinition.snapshot.element.type"
    ],
    "http://hl7.org/fhir/StructureDefinition/structuredefinition-standards-status": [
      "StructureDefinition.snapshot.element"
    ],
    "http://hl7.org/fhir/StructureDefinition/structuredefinition-type-characteristics": [
      "StructureDefinition"
    ],
    "http://hl7.org/fhir/tools/StructureDefinition/binding-definition": [
      "StructureDefinition.snapshot.element.binding"
    ],
    "http://hl7.org/fhir/tools/StructureDefinition/ig-internal-dependency": [
      "ImplementationGuide.definition"
    ],
    "http://hl7.org/fhir/tools/StructureDefinition/implementationguide-dependency-comment": [
      "ImplementationGuide.dependsOn"
    ],
    "http://hl7.org/fhir/tools/StructureDefinition/no-binding": [
      "StructureDefinition.snapshot.element"
    ],
    "http://hl7.org/fhir/tools/StructureDefinition/resource-information": [
      "ImplementationGuide.definition.resource"
    ],
    "https://terminology.cara.ch/StructureDefinition/ApplicationInvitation#application": [
      "Basic"
    ],
    "https://terminology.cara.ch/StructureDefinition/ApplicationInvitation#firstName": [
      "Basic"
    ],
    "https://terminology.cara.ch/StructureDefinition/ApplicationInvitation#lastName": [
      "Basic"
    ],
    "https://terminology.cara.ch/StructureDefinition/ApplicationInvitation#mpiIdUrn": [
      "Basic"
    ],
    "https://terminology.cara.ch/StructureDefinition/cara-application-invitation-application": [
      "Basic"
    ],
    "https://terminology.cara.ch/StructureDefinition/cara-application-invitation-firstName": [
      "Basic"
    ],
    "https://terminology.cara.ch/StructureDefinition/cara-application-invitation-lastName": [
      "Basic"
    ],
    "https://terminology.cara.ch/StructureDefinition/cara-application-invitation-mpiIdUrn": [
      "Basic"
    ],
    "https://terminology.cara.ch/StructureDefinition/scp-careteam-participant-comment": [
      "CareTeam.participant"
    ],
    "https://terminology.cara.ch/StructureDefinition/scp-careteam-participant-iscoordinator": [
      "CareTeam.participant"
    ],
    "https://terminology.cara.ch/StructureDefinition/scp-careteam-participant-ismanager": [
      "CareTeam.participant"
    ],
    "https://terminology.cara.ch/StructureDefinition/scp-contact-comment": [
      "Person"
    ],
    "https://terminology.cara.ch/StructureDefinition/scp-contact-emergency": [
      "Person"
    ],
    "https://terminology.cara.ch/StructureDefinition/scp-contact-relationship": [
      "Person"
    ],
    "https://terminology.cara.ch/StructureDefinition/scp-goal-target-status": [
      "Goal.target"
    ]
  }
}