{
  "resourceType" : "ValueSet",
  "id" : "cara-platform-loacle",
  "text" : {
    "status" : "generated",
    "div" : "<div xmlns=\"http://www.w3.org/1999/xhtml\">Placeholder</div>"
  },
  "url" : "https://terminology.cara.ch/ValueSet/cara-platform-loacle",
  "version" : "0.1.0",
  "name" : "CaraPlatformLocale",
  "title" : "CARA - Platform Locales",
  "status" : "draft",
  "date" : "2023-09-27T16:22:28+02:00",
  "publisher" : "CARA",
  "contact" : [{
    "name" : "CARA",
    "telecom" : [{
      "system" : "url",
      "value" : "https://www.cara.ch"
    }]
  }],
  "description" : "The locales of the CARA Platform.",
  "compose" : {
    "include" : [{
      "system" : "https://terminology.cara.ch/CodeSystem/cara-locale"
    }]
  }
}