{
  "resourceType" : "ValueSet",
  "id" : "scp-goal-type",
  "text" : {
    "status" : "generated",
    "div" : "<div xmlns=\"http://www.w3.org/1999/xhtml\">Placeholder</div>"
  },
  "url" : "https://terminology.cara.ch/ValueSet/scp-goal-type",
  "version" : "0.1.0",
  "name" : "ScpGoalType",
  "title" : "SCP - Goal Type",
  "status" : "draft",
  "date" : "2023-09-27T16:22:28+02:00",
  "publisher" : "CARA",
  "contact" : [{
    "name" : "CARA",
    "telecom" : [{
      "system" : "url",
      "value" : "https://www.cara.ch"
    }]
  }],
  "description" : "The selection of concepts for the Goal Type of a SCP Goal.",
  "compose" : {
    "include" : [{
      "system" : "https://terminology.cara.ch/CodeSystem/scp-custom-goal-type"
    }]
  }
}