<?xml version="1.0" encoding="UTF-8"?>

<ValueSet xmlns="http://hl7.org/fhir">
  <id value="scp-goal-type"/>
  <text>
    <status value="generated"/><div xmlns="http://www.w3.org/1999/xhtml">Placeholder</div>
  </text>
  <url value="https://terminology.cara.ch/ValueSet/scp-goal-type"/>
  <version value="0.1.0"/>
  <name value="ScpGoalType"/>
  <title value="SCP - Goal Type"/>
  <status value="draft"/>
  <date value="2023-09-27T16:22:28+02:00"/>
  <publisher value="CARA"/>
  <contact>
    <name value="CARA"/>
    <telecom>
      <system value="url"/>
      <value value="https://www.cara.ch"/>
    </telecom>
  </contact>
  <description value="The selection of concepts for the Goal Type of a SCP Goal."/>
  <compose>
    <include>
      <system value="https://terminology.cara.ch/CodeSystem/scp-custom-goal-type"/>
    </include>
  </compose>
</ValueSet>