{
  "resourceType" : "Bundle",
  "id" : "6a3b3504-9693-4c89-a818-cc569cb548a7",
  "meta" : {
    "lastUpdated" : "2023-09-27T16:22:28.866+02:00"
  },
  "type" : "collection",
  "entry" : [{
    "fullUrl" : "https://terminology.cara.ch/ValueSet/cara-platform-loacle",
    "resource" : {
      "resourceType" : "ValueSet",
      "text" : {
        "status" : "generated",
        "div" : "<div xmlns=\"http://www.w3.org/1999/xhtml\"><p>This value set contains 5 concepts</p><p style=\"border: black 1px dotted; background-color: #EEEEEE; padding: 8px; margin-bottom: 8px\">Expansion based on <a href=\"CodeSystem-CaraLocale.html\">codesystem CARA - Locales v0.1.0 (CodeSystem)</a></p><table class=\"codes\"><tr><td style=\"white-space:nowrap\"><b>Code</b></td><td><b>System</b></td><td><b>Display</b></td></tr><tr><td style=\"white-space:nowrap\"><a name=\"https---terminology.cara.ch-CodeSystem-cara-locale-fr-CH\"> </a>\u00a0\u00a0<a href=\"CodeSystem-CaraLocale.html#CaraLocale-fr-CH\">fr-CH</a></td><td>https://terminology.cara.ch/CodeSystem/cara-locale</td><td>French (Switzerland)</td></tr><tr><td style=\"white-space:nowrap\"><a name=\"https---terminology.cara.ch-CodeSystem-cara-locale-de-CH\"> </a>\u00a0\u00a0<a href=\"CodeSystem-CaraLocale.html#CaraLocale-de-CH\">de-CH</a></td><td>https://terminology.cara.ch/CodeSystem/cara-locale</td><td>German (Switzerland)</td></tr><tr><td style=\"white-space:nowrap\"><a name=\"https---terminology.cara.ch-CodeSystem-cara-locale-it-CH\"> </a>\u00a0\u00a0<a href=\"CodeSystem-CaraLocale.html#CaraLocale-it-CH\">it-CH</a></td><td>https://terminology.cara.ch/CodeSystem/cara-locale</td><td>Italian (Switzerland)</td></tr><tr><td style=\"white-space:nowrap\"><a name=\"https---terminology.cara.ch-CodeSystem-cara-locale-rm-CH\"> </a>\u00a0\u00a0<a href=\"CodeSystem-CaraLocale.html#CaraLocale-rm-CH\">rm-CH</a></td><td>https://terminology.cara.ch/CodeSystem/cara-locale</td><td>Romansh (Switzerland)</td></tr><tr><td style=\"white-space:nowrap\"><a name=\"https---terminology.cara.ch-CodeSystem-cara-locale-en-US\"> </a>\u00a0\u00a0<a href=\"CodeSystem-CaraLocale.html#CaraLocale-en-US\">en-US</a></td><td>https://terminology.cara.ch/CodeSystem/cara-locale</td><td>English (United States)</td></tr></table></div>"
      },
      "url" : "https://terminology.cara.ch/ValueSet/cara-platform-loacle",
      "version" : "0.1.0",
      "name" : "CaraPlatformLocale",
      "title" : "CARA - Platform Locales",
      "status" : "draft",
      "date" : "2023-09-27T16:22:28+02:00",
      "expansion" : {
        "identifier" : "urn:uuid:b0a66c0d-579a-4420-9873-6df2f9e38520",
        "timestamp" : "2023-09-27T16:22:46+02:00",
        "total" : 5,
        "parameter" : [{
          "name" : "excludeNested",
          "valueBoolean" : false
        },
        {
          "name" : "warning-experimental",
          "valueUri" : "https://terminology.cara.ch/CodeSystem/cara-locale|0.1.0"
        },
        {
          "name" : "used-codesystem",
          "valueUri" : "https://terminology.cara.ch/CodeSystem/cara-locale|0.1.0"
        }],
        "contains" : [{
          "system" : "https://terminology.cara.ch/CodeSystem/cara-locale",
          "code" : "fr-CH",
          "display" : "French (Switzerland)"
        },
        {
          "system" : "https://terminology.cara.ch/CodeSystem/cara-locale",
          "code" : "de-CH",
          "display" : "German (Switzerland)"
        },
        {
          "system" : "https://terminology.cara.ch/CodeSystem/cara-locale",
          "code" : "it-CH",
          "display" : "Italian (Switzerland)"
        },
        {
          "system" : "https://terminology.cara.ch/CodeSystem/cara-locale",
          "code" : "rm-CH",
          "display" : "Romansh (Switzerland)"
        },
        {
          "system" : "https://terminology.cara.ch/CodeSystem/cara-locale",
          "code" : "en-US",
          "display" : "English (United States)"
        }]
      }
    }
  },
  {
    "fullUrl" : "https://terminology.cara.ch/ValueSet/scp-contextualdata-type",
    "resource" : {
      "resourceType" : "ValueSet",
      "text" : {
        "status" : "generated",
        "div" : "<div xmlns=\"http://www.w3.org/1999/xhtml\"><p>This value set contains 5 concepts</p><div style=\"border: black 1px dotted; background-color: #EEEEEE; padding: 8px; margin-bottom: 8px\"><p>Expansion based on: </p><ul><li><a href=\"CodeSystem-ScpLoincCompositionSection.html\">codesystem SCP - Goal Type - LOINC v0.1.0 (CodeSystem)</a></li><li><a href=\"CodeSystem-ScpSnomedCompositionSection.html\">codesystem SCP - Composition Section Type - SNOMED CT v0.1.0 (CodeSystem)</a></li></ul></div><table class=\"codes\"><tr><td style=\"white-space:nowrap\"><b>Code</b></td><td><b>System</b></td><td><b>Display</b></td></tr><tr><td style=\"white-space:nowrap\"><a name=\"https---terminology.cara.ch-CodeSystem-scp-loinc-composition-section-29762-2\"> </a>\u00a0\u00a0<a href=\"CodeSystem-ScpLoincCompositionSection.html#ScpLoincCompositionSection-29762-2\">29762-2</a></td><td>https://terminology.cara.ch/CodeSystem/scp-loinc-composition-section</td><td>Social history</td></tr><tr><td style=\"white-space:nowrap\"><a name=\"https---terminology.cara.ch-CodeSystem-scp-loinc-composition-section-11348-0\"> </a>\u00a0\u00a0<a href=\"CodeSystem-ScpLoincCompositionSection.html#ScpLoincCompositionSection-11348-0\">11348-0</a></td><td>https://terminology.cara.ch/CodeSystem/scp-loinc-composition-section</td><td>Past medical history</td></tr><tr><td style=\"white-space:nowrap\"><a name=\"https---terminology.cara.ch-CodeSystem-scp-loinc-composition-section-29299-5\"> </a>\u00a0\u00a0<a href=\"CodeSystem-ScpLoincCompositionSection.html#ScpLoincCompositionSection-29299-5\">29299-5</a></td><td>https://terminology.cara.ch/CodeSystem/scp-loinc-composition-section</td><td>Reason for visit</td></tr><tr><td style=\"white-space:nowrap\"><a name=\"https---terminology.cara.ch-CodeSystem-scp-loinc-composition-section-42348-3\"> </a>\u00a0\u00a0<a href=\"CodeSystem-ScpLoincCompositionSection.html#ScpLoincCompositionSection-42348-3\">42348-3</a></td><td>https://terminology.cara.ch/CodeSystem/scp-loinc-composition-section</td><td>Advance directives</td></tr><tr><td style=\"white-space:nowrap\"><a name=\"https---terminology.cara.ch-CodeSystem-scp-snomed-composition-section-70862002\"> </a>\u00a0\u00a0<a href=\"CodeSystem-ScpSnomedCompositionSection.html#ScpSnomedCompositionSection-70862002\">70862002</a></td><td>https://terminology.cara.ch/CodeSystem/scp-snomed-composition-section</td><td>Contact person</td></tr></table></div>"
      },
      "url" : "https://terminology.cara.ch/ValueSet/scp-contextualdata-type",
      "version" : "0.1.0",
      "name" : "ScpContextualDataType",
      "title" : "SCP - Contextual Data Type",
      "status" : "draft",
      "date" : "2023-09-27T16:22:28+02:00",
      "expansion" : {
        "identifier" : "urn:uuid:385daf3a-49cb-4663-85b6-14f6990f8819",
        "timestamp" : "2023-09-27T16:22:47+02:00",
        "total" : 5,
        "parameter" : [{
          "name" : "excludeNested",
          "valueBoolean" : false
        },
        {
          "name" : "warning-experimental",
          "valueUri" : "https://terminology.cara.ch/CodeSystem/scp-loinc-composition-section|0.1.0"
        },
        {
          "name" : "used-codesystem",
          "valueUri" : "https://terminology.cara.ch/CodeSystem/scp-loinc-composition-section|0.1.0"
        },
        {
          "name" : "warning-experimental",
          "valueUri" : "https://terminology.cara.ch/CodeSystem/scp-snomed-composition-section|0.1.0"
        },
        {
          "name" : "used-codesystem",
          "valueUri" : "https://terminology.cara.ch/CodeSystem/scp-snomed-composition-section|0.1.0"
        }],
        "contains" : [{
          "system" : "https://terminology.cara.ch/CodeSystem/scp-loinc-composition-section",
          "code" : "29762-2",
          "display" : "Social history"
        },
        {
          "system" : "https://terminology.cara.ch/CodeSystem/scp-loinc-composition-section",
          "code" : "11348-0",
          "display" : "Past medical history"
        },
        {
          "system" : "https://terminology.cara.ch/CodeSystem/scp-loinc-composition-section",
          "code" : "29299-5",
          "display" : "Reason for visit"
        },
        {
          "system" : "https://terminology.cara.ch/CodeSystem/scp-loinc-composition-section",
          "code" : "42348-3",
          "display" : "Advance directives"
        },
        {
          "system" : "https://terminology.cara.ch/CodeSystem/scp-snomed-composition-section",
          "code" : "70862002",
          "display" : "Contact person"
        }]
      }
    }
  },
  {
    "fullUrl" : "https://terminology.cara.ch/ValueSet/scp-goal-type",
    "resource" : {
      "resourceType" : "ValueSet",
      "text" : {
        "status" : "generated",
        "div" : "<div xmlns=\"http://www.w3.org/1999/xhtml\"><p>This value set contains 5 concepts</p><p style=\"border: black 1px dotted; background-color: #EEEEEE; padding: 8px; margin-bottom: 8px\">Expansion based on <a href=\"CodeSystem-ScpCustomGoalType.html\">codesystem SCP - Goal Type - Custom v0.1.0 (CodeSystem)</a></p><table class=\"codes\"><tr><td style=\"white-space:nowrap\"><b>Code</b></td><td><b>System</b></td><td><b>Display</b></td></tr><tr><td style=\"white-space:nowrap\"><a name=\"https---terminology.cara.ch-CodeSystem-scp-custom-goal-type-dietary\"> </a>\u00a0\u00a0<a href=\"CodeSystem-ScpCustomGoalType.html#ScpCustomGoalType-dietary\">dietary</a></td><td>https://terminology.cara.ch/CodeSystem/scp-custom-goal-type</td><td>Dietary</td></tr><tr><td style=\"white-space:nowrap\"><a name=\"https---terminology.cara.ch-CodeSystem-scp-custom-goal-type-safety\"> </a>\u00a0\u00a0<a href=\"CodeSystem-ScpCustomGoalType.html#ScpCustomGoalType-safety\">safety</a></td><td>https://terminology.cara.ch/CodeSystem/scp-custom-goal-type</td><td>Safety</td></tr><tr><td style=\"white-space:nowrap\"><a name=\"https---terminology.cara.ch-CodeSystem-scp-custom-goal-type-behavioral\"> </a>\u00a0\u00a0<a href=\"CodeSystem-ScpCustomGoalType.html#ScpCustomGoalType-behavioral\">behavioral</a></td><td>https://terminology.cara.ch/CodeSystem/scp-custom-goal-type</td><td>Behavioral</td></tr><tr><td style=\"white-space:nowrap\"><a name=\"https---terminology.cara.ch-CodeSystem-scp-custom-goal-type-nursing\"> </a>\u00a0\u00a0<a href=\"CodeSystem-ScpCustomGoalType.html#ScpCustomGoalType-nursing\">nursing</a></td><td>https://terminology.cara.ch/CodeSystem/scp-custom-goal-type</td><td>Nursing</td></tr><tr><td style=\"white-space:nowrap\"><a name=\"https---terminology.cara.ch-CodeSystem-scp-custom-goal-type-physiotherapy\"> </a>\u00a0\u00a0<a href=\"CodeSystem-ScpCustomGoalType.html#ScpCustomGoalType-physiotherapy\">physiotherapy</a></td><td>https://terminology.cara.ch/CodeSystem/scp-custom-goal-type</td><td>Physiotherapy</td></tr></table></div>"
      },
      "url" : "https://terminology.cara.ch/ValueSet/scp-goal-type",
      "version" : "0.1.0",
      "name" : "ScpGoalType",
      "title" : "SCP - Goal Type",
      "status" : "draft",
      "date" : "2023-09-27T16:22:28+02:00",
      "expansion" : {
        "identifier" : "urn:uuid:ddb99de9-d05a-45af-887d-888def549f21",
        "timestamp" : "2023-09-27T16:22:47+02:00",
        "total" : 5,
        "parameter" : [{
          "name" : "excludeNested",
          "valueBoolean" : false
        },
        {
          "name" : "warning-experimental",
          "valueUri" : "https://terminology.cara.ch/CodeSystem/scp-custom-goal-type|0.1.0"
        },
        {
          "name" : "used-codesystem",
          "valueUri" : "https://terminology.cara.ch/CodeSystem/scp-custom-goal-type|0.1.0"
        }],
        "contains" : [{
          "system" : "https://terminology.cara.ch/CodeSystem/scp-custom-goal-type",
          "code" : "dietary",
          "display" : "Dietary"
        },
        {
          "system" : "https://terminology.cara.ch/CodeSystem/scp-custom-goal-type",
          "code" : "safety",
          "display" : "Safety"
        },
        {
          "system" : "https://terminology.cara.ch/CodeSystem/scp-custom-goal-type",
          "code" : "behavioral",
          "display" : "Behavioral"
        },
        {
          "system" : "https://terminology.cara.ch/CodeSystem/scp-custom-goal-type",
          "code" : "nursing",
          "display" : "Nursing"
        },
        {
          "system" : "https://terminology.cara.ch/CodeSystem/scp-custom-goal-type",
          "code" : "physiotherapy",
          "display" : "Physiotherapy"
        }]
      }
    }
  },
  {
    "fullUrl" : "https://terminology.cara.ch/ValueSet/scp-target-type",
    "resource" : {
      "resourceType" : "ValueSet",
      "text" : {
        "status" : "generated",
        "div" : "<div xmlns=\"http://www.w3.org/1999/xhtml\"><p>This value set contains 15 concepts</p><div style=\"border: black 1px dotted; background-color: #EEEEEE; padding: 8px; margin-bottom: 8px\"><p>Expansion based on: </p><ul><li><a href=\"CodeSystem-ScpSnomedParameterGroup.html\">codesystem SCP - Parameter Group - SNOMED CT v0.1.0 (CodeSystem)</a></li><li><a href=\"CodeSystem-ScpSnomedParameterType.html\">codesystem SCP - Parameter Type - SNOMED CT v0.1.0 (CodeSystem)</a></li></ul></div><table class=\"codes\"><tr><td style=\"white-space:nowrap\"><b>Code</b></td><td><b>System</b></td><td><b>Display</b></td></tr><tr><td style=\"white-space:nowrap\"><a name=\"https---terminology.cara.ch-CodeSystem-scp-parameter-type-271649006\"> </a>\u00a0\u00a0<a href=\"CodeSystem-ScpSnomedParameterType.html#ScpSnomedParameterType-271649006\">271649006</a></td><td>https://terminology.cara.ch/CodeSystem/scp-parameter-type</td><td>Systolic blood pressure</td></tr><tr><td style=\"white-space:nowrap\"><a name=\"https---terminology.cara.ch-CodeSystem-scp-parameter-type-271650006\"> </a>\u00a0\u00a0<a href=\"CodeSystem-ScpSnomedParameterType.html#ScpSnomedParameterType-271650006\">271650006</a></td><td>https://terminology.cara.ch/CodeSystem/scp-parameter-type</td><td>Diastolic Blood Pressure</td></tr><tr><td style=\"white-space:nowrap\"><a name=\"https---terminology.cara.ch-CodeSystem-scp-parameter-type-27113001\"> </a>\u00a0\u00a0<a href=\"CodeSystem-ScpSnomedParameterType.html#ScpSnomedParameterType-27113001\">27113001</a></td><td>https://terminology.cara.ch/CodeSystem/scp-parameter-type</td><td>Body weight</td></tr><tr><td style=\"white-space:nowrap\"><a name=\"https---terminology.cara.ch-CodeSystem-scp-parameter-type-86290005\"> </a>\u00a0\u00a0<a href=\"CodeSystem-ScpSnomedParameterType.html#ScpSnomedParameterType-86290005\">86290005</a></td><td>https://terminology.cara.ch/CodeSystem/scp-parameter-type</td><td>Respiratory rate</td></tr><tr><td style=\"white-space:nowrap\"><a name=\"https---terminology.cara.ch-CodeSystem-scp-parameter-type-405176005\"> </a>\u00a0\u00a0<a href=\"CodeSystem-ScpSnomedParameterType.html#ScpSnomedParameterType-405176005\">405176005</a></td><td>https://terminology.cara.ch/CodeSystem/scp-parameter-type</td><td>Blood glucose status</td></tr><tr><td style=\"white-space:nowrap\"><a name=\"https---terminology.cara.ch-CodeSystem-scp-parameter-type-408591000\"> </a>\u00a0\u00a0<a href=\"CodeSystem-ScpSnomedParameterType.html#ScpSnomedParameterType-408591000\">408591000</a></td><td>https://terminology.cara.ch/CodeSystem/scp-parameter-type</td><td>HBA1c target</td></tr><tr><td style=\"white-space:nowrap\"><a name=\"https---terminology.cara.ch-CodeSystem-scp-parameter-type-8499008\"> </a>\u00a0\u00a0<a href=\"CodeSystem-ScpSnomedParameterType.html#ScpSnomedParameterType-8499008\">8499008</a></td><td>https://terminology.cara.ch/CodeSystem/scp-parameter-type</td><td>Pulse</td></tr><tr><td style=\"white-space:nowrap\"><a name=\"https---terminology.cara.ch-CodeSystem-scp-parameter-type-103228002\"> </a>\u00a0\u00a0<a href=\"CodeSystem-ScpSnomedParameterType.html#ScpSnomedParameterType-103228002\">103228002</a></td><td>https://terminology.cara.ch/CodeSystem/scp-parameter-type</td><td>Blood oxygen saturation</td></tr><tr><td style=\"white-space:nowrap\"><a name=\"https---terminology.cara.ch-CodeSystem-scp-parameter-type-386725007\"> </a>\u00a0\u00a0<a href=\"CodeSystem-ScpSnomedParameterType.html#ScpSnomedParameterType-386725007\">386725007</a></td><td>https://terminology.cara.ch/CodeSystem/scp-parameter-type</td><td>Body temperature</td></tr><tr><td style=\"white-space:nowrap\"><a name=\"https---terminology.cara.ch-CodeSystem-scp-parameter-type-853681000000104\"> </a>\u00a0\u00a0<a href=\"CodeSystem-ScpSnomedParameterType.html#ScpSnomedParameterType-853681000000104\">853681000000104</a></td><td>https://terminology.cara.ch/CodeSystem/scp-parameter-type</td><td>Total cholesterol level</td></tr><tr><td style=\"white-space:nowrap\"><a name=\"https---terminology.cara.ch-CodeSystem-scp-parameter-type-850991000000104\"> </a>\u00a0\u00a0<a href=\"CodeSystem-ScpSnomedParameterType.html#ScpSnomedParameterType-850991000000104\">850991000000104</a></td><td>https://terminology.cara.ch/CodeSystem/scp-parameter-type</td><td>Triglyceride level</td></tr><tr><td style=\"white-space:nowrap\"><a name=\"https---terminology.cara.ch-CodeSystem-scp-parameter-type-1028861000000101\"> </a>\u00a0\u00a0<a href=\"CodeSystem-ScpSnomedParameterType.html#ScpSnomedParameterType-1028861000000101\">1028861000000101</a></td><td>https://terminology.cara.ch/CodeSystem/scp-parameter-type</td><td>Plasma fasting LDL (low density lipoprotein) cholesterol level</td></tr><tr><td style=\"white-space:nowrap\"><a name=\"https---terminology.cara.ch-CodeSystem-scp-parameter-type-1028841000000102\"> </a>\u00a0\u00a0<a href=\"CodeSystem-ScpSnomedParameterType.html#ScpSnomedParameterType-1028841000000102\">1028841000000102</a></td><td>https://terminology.cara.ch/CodeSystem/scp-parameter-type</td><td>Plasma fasting HDL (high density lipoprotein) cholesterol level</td></tr><tr><td style=\"white-space:nowrap\"><a name=\"https---terminology.cara.ch-CodeSystem-scp-parameter-group-75367002\"> </a>\u00a0\u00a0<a href=\"CodeSystem-ScpSnomedParameterGroup.html#ScpSnomedParameterGroup-75367002\">75367002</a></td><td>https://terminology.cara.ch/CodeSystem/scp-parameter-group</td><td>Blood pressure</td></tr><tr><td style=\"white-space:nowrap\"><a name=\"https---terminology.cara.ch-CodeSystem-scp-parameter-group-1020831000000109\"> </a>\u00a0\u00a0<a href=\"CodeSystem-ScpSnomedParameterGroup.html#ScpSnomedParameterGroup-1020831000000109\">1020831000000109</a></td><td>https://terminology.cara.ch/CodeSystem/scp-parameter-group</td><td>Lipid level</td></tr></table></div>"
      },
      "url" : "https://terminology.cara.ch/ValueSet/scp-target-type",
      "version" : "0.1.0",
      "name" : "ScpTargetType",
      "title" : "SCP - Parameter Type",
      "status" : "draft",
      "date" : "2023-09-27T16:22:28+02:00",
      "expansion" : {
        "identifier" : "urn:uuid:19857f25-ab9a-4f84-9fed-1d4985280df2",
        "timestamp" : "2023-09-27T16:22:48+02:00",
        "total" : 15,
        "parameter" : [{
          "name" : "excludeNested",
          "valueBoolean" : false
        },
        {
          "name" : "warning-experimental",
          "valueUri" : "https://terminology.cara.ch/CodeSystem/scp-parameter-type|0.1.0"
        },
        {
          "name" : "used-codesystem",
          "valueUri" : "https://terminology.cara.ch/CodeSystem/scp-parameter-type|0.1.0"
        },
        {
          "name" : "warning-experimental",
          "valueUri" : "https://terminology.cara.ch/CodeSystem/scp-parameter-group|0.1.0"
        },
        {
          "name" : "used-codesystem",
          "valueUri" : "https://terminology.cara.ch/CodeSystem/scp-parameter-group|0.1.0"
        }],
        "contains" : [{
          "system" : "https://terminology.cara.ch/CodeSystem/scp-parameter-type",
          "code" : "271649006",
          "display" : "Systolic blood pressure"
        },
        {
          "system" : "https://terminology.cara.ch/CodeSystem/scp-parameter-type",
          "code" : "271650006",
          "display" : "Diastolic Blood Pressure"
        },
        {
          "system" : "https://terminology.cara.ch/CodeSystem/scp-parameter-type",
          "code" : "27113001",
          "display" : "Body weight"
        },
        {
          "system" : "https://terminology.cara.ch/CodeSystem/scp-parameter-type",
          "code" : "86290005",
          "display" : "Respiratory rate"
        },
        {
          "system" : "https://terminology.cara.ch/CodeSystem/scp-parameter-type",
          "code" : "405176005",
          "display" : "Blood glucose status"
        },
        {
          "system" : "https://terminology.cara.ch/CodeSystem/scp-parameter-type",
          "code" : "408591000",
          "display" : "HBA1c target"
        },
        {
          "system" : "https://terminology.cara.ch/CodeSystem/scp-parameter-type",
          "code" : "8499008",
          "display" : "Pulse"
        },
        {
          "system" : "https://terminology.cara.ch/CodeSystem/scp-parameter-type",
          "code" : "103228002",
          "display" : "Blood oxygen saturation"
        },
        {
          "system" : "https://terminology.cara.ch/CodeSystem/scp-parameter-type",
          "code" : "386725007",
          "display" : "Body temperature"
        },
        {
          "system" : "https://terminology.cara.ch/CodeSystem/scp-parameter-type",
          "code" : "853681000000104",
          "display" : "Total cholesterol level"
        },
        {
          "system" : "https://terminology.cara.ch/CodeSystem/scp-parameter-type",
          "code" : "850991000000104",
          "display" : "Triglyceride level"
        },
        {
          "system" : "https://terminology.cara.ch/CodeSystem/scp-parameter-type",
          "code" : "1028861000000101",
          "display" : "Plasma fasting LDL (low density lipoprotein) cholesterol level"
        },
        {
          "system" : "https://terminology.cara.ch/CodeSystem/scp-parameter-type",
          "code" : "1028841000000102",
          "display" : "Plasma fasting HDL (high density lipoprotein) cholesterol level"
        },
        {
          "system" : "https://terminology.cara.ch/CodeSystem/scp-parameter-group",
          "code" : "75367002",
          "display" : "Blood pressure"
        },
        {
          "system" : "https://terminology.cara.ch/CodeSystem/scp-parameter-group",
          "code" : "1020831000000109",
          "display" : "Lipid level"
        }]
      }
    }
  },
  {
    "fullUrl" : "https://terminology.cara.ch/ValueSet/cara-platform-namespace",
    "resource" : {
      "resourceType" : "ValueSet",
      "text" : {
        "status" : "generated",
        "div" : "<div xmlns=\"http://www.w3.org/1999/xhtml\"><p>This value set contains 2 concepts</p><p style=\"border: black 1px dotted; background-color: #EEEEEE; padding: 8px; margin-bottom: 8px\">Expansion based on <a href=\"CodeSystem-FhirvaultNamespace.html\">codesystem CARA - FHIR Vault Namespace v0.1.0 (CodeSystem)</a></p><table class=\"codes\"><tr><td style=\"white-space:nowrap\"><b>Code</b></td><td><b>System</b></td><td><b>Display</b></td></tr><tr><td style=\"white-space:nowrap\"><a name=\"https---terminology.cara.ch-CodeSystem-fhirvault-namespace-cara-authx\"> </a>\u00a0\u00a0<a href=\"CodeSystem-FhirvaultNamespace.html#FhirvaultNamespace-cara.58authx\">cara:authx</a></td><td>https://terminology.cara.ch/CodeSystem/fhirvault-namespace</td><td>AuthX</td></tr><tr><td style=\"white-space:nowrap\"><a name=\"https---terminology.cara.ch-CodeSystem-fhirvault-namespace-cara-scp\"> </a>\u00a0\u00a0<a href=\"CodeSystem-FhirvaultNamespace.html#FhirvaultNamespace-cara.58scp\">cara:scp</a></td><td>https://terminology.cara.ch/CodeSystem/fhirvault-namespace</td><td>Shared Care Plan</td></tr></table></div>"
      },
      "url" : "https://terminology.cara.ch/ValueSet/cara-platform-namespace",
      "version" : "0.1.0",
      "name" : "CaraPlatformNamespace",
      "title" : "CARA - Platform Namespaces",
      "status" : "draft",
      "date" : "2023-09-27T16:22:28+02:00",
      "expansion" : {
        "identifier" : "urn:uuid:49604231-8d2c-41c8-a36f-ffed54666578",
        "timestamp" : "2023-09-27T16:22:48+02:00",
        "total" : 2,
        "parameter" : [{
          "name" : "excludeNested",
          "valueBoolean" : false
        },
        {
          "name" : "warning-experimental",
          "valueUri" : "https://terminology.cara.ch/CodeSystem/fhirvault-namespace|0.1.0"
        },
        {
          "name" : "used-codesystem",
          "valueUri" : "https://terminology.cara.ch/CodeSystem/fhirvault-namespace|0.1.0"
        }],
        "contains" : [{
          "system" : "https://terminology.cara.ch/CodeSystem/fhirvault-namespace",
          "code" : "cara:authx",
          "display" : "AuthX"
        },
        {
          "system" : "https://terminology.cara.ch/CodeSystem/fhirvault-namespace",
          "code" : "cara:scp",
          "display" : "Shared Care Plan"
        }]
      }
    }
  }]
}