{"resourceType":"CodeSystem","id":"FhirvaultNamespace","text":{"status":"generated","div":"<div xmlns=\"http://www.w3.org/1999/xhtml\"><p>This case-sensitive code system <code>https://terminology.cara.ch/CodeSystem/fhirvault-namespace</code> defines the following codes:</p><table class=\"codes\"><tr><td style=\"white-space:nowrap\"><b>Code</b></td><td><b>Display</b></td></tr><tr><td style=\"white-space:nowrap\">cara:authx<a name=\"FhirvaultNamespace-cara.58authx\"> </a></td><td>AuthX</td></tr><tr><td style=\"white-space:nowrap\">cara:scp<a name=\"FhirvaultNamespace-cara.58scp\"> </a></td><td>Shared Care Plan</td></tr></table><p><b>Additional Language Displays</b></p><table class=\"codes\"><tr><td><b>Code</b></td><td><b>Deutsch (Schweiz) (German (Switzerland), de)</b></td><td><b>English (United States) (English (United States), en)</b></td><td><b>French (Switzerland) (fr)</b></td><td><b>Italian (Switzerland) (it)</b></td><td><b>rm</b></td></tr><tr><td>cara:authx</td><td>CARA - AuthX (Benutzerverwaltung)</td><td>CARA - AuthX (User Management)</td><td>CARA - AuthX (Gestion des utilisateurs)</td><td>CARA - AuthX (Gestione degli utenti)</td><td>CARA - AuthX (Administraziun d'utilisaders)</td></tr><tr><td>cara:scp</td><td>CARA - SCP (Geteilter Pflegeplan)</td><td>CARA - SCP (Shared Care Plan)</td><td>CARA - SCP (Plan de soins partagé)</td><td>CARA - SCP (Piano di cura condiviso)</td><td>CARA - SCP (Plan da tgira cundividì)</td></tr></table></div>"},"url":"https://terminology.cara.ch/CodeSystem/fhirvault-namespace","version":"0.1.0","name":"FhirvaultNamespace","title":"CARA - FHIR Vault Namespace","status":"draft","experimental":true,"date":"2023-09-27T16:22:28+02:00","publisher":"CARA","contact":[{"name":"CARA","telecom":[{"system":"url","value":"https://www.cara.ch"}]}],"description":"The namespaces of the CARA Platform.","caseSensitive":true,"content":"complete","concept":[{"code":"cara:authx","display":"AuthX","designation":[{"language":"rm-CH","value":"CARA - AuthX (Administraziun d'utilisaders)"},{"language":"de-CH","value":"CARA - AuthX (Benutzerverwaltung)"},{"language":"it-CH","value":"CARA - AuthX (Gestione degli utenti)"},{"language":"en-US","value":"CARA - AuthX (User Management)"},{"language":"fr-CH","value":"CARA - AuthX (Gestion des utilisateurs)"}]},{"code":"cara:scp","display":"Shared Care Plan","designation":[{"language":"rm-CH","value":"CARA - SCP (Plan da tgira cundividì)"},{"language":"it-CH","value":"CARA - SCP (Piano di cura condiviso)"},{"language":"en-US","value":"CARA - SCP (Shared Care Plan)"},{"language":"fr-CH","value":"CARA - SCP (Plan de soins partagé)"},{"language":"de-CH","value":"CARA - SCP (Geteilter Pflegeplan)"}]}]}