{"resourceType":"CodeSystem","id":"ScpCustomGoalType","text":{"status":"generated","div":"<div xmlns=\"http://www.w3.org/1999/xhtml\"><p>This case-sensitive code system <code>https://terminology.cara.ch/CodeSystem/scp-custom-goal-type</code> defines the following codes:</p><table class=\"codes\"><tr><td style=\"white-space:nowrap\"><b>Code</b></td><td><b>Display</b></td></tr><tr><td style=\"white-space:nowrap\">dietary<a name=\"ScpCustomGoalType-dietary\"> </a></td><td>Dietary</td></tr><tr><td style=\"white-space:nowrap\">safety<a name=\"ScpCustomGoalType-safety\"> </a></td><td>Safety</td></tr><tr><td style=\"white-space:nowrap\">behavioral<a name=\"ScpCustomGoalType-behavioral\"> </a></td><td>Behavioral</td></tr><tr><td style=\"white-space:nowrap\">nursing<a name=\"ScpCustomGoalType-nursing\"> </a></td><td>Nursing</td></tr><tr><td style=\"white-space:nowrap\">physiotherapy<a name=\"ScpCustomGoalType-physiotherapy\"> </a></td><td>Physiotherapy</td></tr></table><p><b>Additional Language Displays</b></p><table class=\"codes\"><tr><td><b>Code</b></td><td><b>Deutsch (Schweiz) (German (Switzerland), de)</b></td><td><b>English (United States) (English (United States), en)</b></td><td><b>French (Switzerland) (fr)</b></td><td><b>rm</b></td></tr><tr><td>dietary</td><td>Ernährung</td><td>Dietary</td><td>Diététique</td><td>Dieta</td></tr><tr><td>safety</td><td>Sicherheit</td><td>Safety</td><td>Sécurité</td><td>Segirezza</td></tr><tr><td>behavioral</td><td>Verhaltensbezogen</td><td>Behavioral</td><td>Comportemental</td><td>Comportamentala</td></tr><tr><td>nursing</td><td>Pflege</td><td>Nursing</td><td>Soins infirmiers</td><td>Cura infermiera</td></tr><tr><td>physiotherapy</td><td>Physiotherapie</td><td>Physiotherapy</td><td>Physiothérapie</td><td>Fisioterapia</td></tr></table></div>"},"url":"https://terminology.cara.ch/CodeSystem/scp-custom-goal-type","version":"0.1.0","name":"ScpCustomGoalType","title":"SCP - Goal Type - Custom","status":"draft","experimental":true,"date":"2023-09-27T16:22:28+02:00","publisher":"CARA","contact":[{"name":"CARA","telecom":[{"system":"url","value":"https://www.cara.ch"}]}],"description":"Definition of custom concepts for goal types.","caseSensitive":true,"content":"complete","concept":[{"code":"dietary","display":"Dietary","designation":[{"language":"fr-CH","value":"Diététique"},{"language":"rm-CH","value":"Dieta"},{"language":"en-US","value":"Dietary"},{"language":"de-CH","value":"Ernährung"}]},{"code":"safety","display":"Safety","designation":[{"language":"fr-CH","value":"Sécurité"},{"language":"rm-CH","value":"Segirezza"},{"language":"de-CH","value":"Sicherheit"},{"language":"en-US","value":"Safety"}]},{"code":"behavioral","display":"Behavioral","designation":[{"language":"fr-CH","value":"Comportemental"},{"language":"de-CH","value":"Verhaltensbezogen"},{"language":"en-US","value":"Behavioral"},{"language":"rm-CH","value":"Comportamentala"}]},{"code":"nursing","display":"Nursing","designation":[{"language":"rm-CH","value":"Cura infermiera"},{"language":"fr-CH","value":"Soins infirmiers"},{"language":"de-CH","value":"Pflege"},{"language":"en-US","value":"Nursing"}]},{"code":"physiotherapy","display":"Physiotherapy","designation":[{"language":"de-CH","value":"Physiotherapie"},{"language":"en-US","value":"Physiotherapy"},{"language":"fr-CH","value":"Physiothérapie"},{"language":"rm-CH","value":"Fisioterapia"}]}]}