{"resourceType":"ImplementationGuide","id":"ch.cara.fhir.platform","text":{"status":"extensions","div":"<div xmlns=\"http://www.w3.org/1999/xhtml\"><h2>ChCaraPlatform</h2><p>The official URL for this implementation guide is: </p><pre>https://terminology.cara.ch/ImplementationGuide/ch.cara.fhir.platform</pre></div>"},"url":"https://terminology.cara.ch/ImplementationGuide/ch.cara.fhir.platform","version":"0.1.0","name":"ChCaraPlatform","status":"draft","date":"2023-09-27T16:22:28+02:00","publisher":"CARA","contact":[{"name":"CARA","telecom":[{"system":"url","value":"https://www.cara.ch"}]}],"packageId":"ch.cara.fhir.platform","license":"CC0-1.0","fhirVersion":["5.0.0"],"dependsOn":[{"id":"hl7tx","extension":[{"url":"http://hl7.org/fhir/tools/StructureDefinition/implementationguide-dependency-comment","valueMarkdown":"Automatically added as a dependency - all IGs depend on HL7 Terminology"}],"uri":"http://terminology.hl7.org/ImplementationGuide/hl7.terminology","packageId":"hl7.terminology.r5","version":"5.3.0"},{"id":"hl7ext","extension":[{"url":"http://hl7.org/fhir/tools/StructureDefinition/implementationguide-dependency-comment","valueMarkdown":"Automatically added as a dependency - all IGs depend on the HL7 Extension Pack"}],"uri":"http://hl7.org/fhir/extensions/ImplementationGuide/hl7.fhir.uv.extensions","packageId":"hl7.fhir.uv.extensions.r5","version":"1.0.0"}],"definition":{"extension":[{"url":"http://hl7.org/fhir/tools/StructureDefinition/ig-internal-dependency","valueCode":"hl7.fhir.uv.tools#current"}],"grouping":[{"id":"-str-profile","name":"Structures: Resource Profiles","description":"These define constraints on FHIR resources for systems conforming to this implementation guide."},{"id":"-str-extension","name":"Structures: Extension Definitions","description":"These define constraints on FHIR data types for systems conforming to this implementation guide."},{"id":"-term-valueset","name":"Terminology: Value Sets","description":"These define sets of codes used by systems conforming to this implementation guide."},{"id":"-term-codesystem","name":"Terminology: Code Systems","description":"These define new code systems used by systems conforming to this implementation guide."},{"id":"-ex-example","name":"Example: Example Instances","description":"These are example instances that show what data produced and consumed by systems conforming with this implementation guide might look like."}],"resource":[{"extension":[{"url":"http://hl7.org/fhir/tools/StructureDefinition/resource-sort","valueInteger":999999999},{"url":"http://hl7.org/fhir/StructureDefinition/implementationguide-page","valueUri":"StructureDefinition-cara-invitation.html"}],"reference":{"reference":"StructureDefinition/cara-invitation"},"name":"CARA - Application Invitation","description":"An invitation allowed a user to access to an application.","isExample":false,"groupingId":"-str-profile"},{"extension":[{"url":"http://hl7.org/fhir/tools/StructureDefinition/resource-sort","valueInteger":999999999},{"url":"http://hl7.org/fhir/StructureDefinition/implementationguide-page","valueUri":"StructureDefinition-cara-healthcare-professional-profile.html"}],"reference":{"reference":"StructureDefinition/cara-healthcare-professional-profile"},"name":"CARA - Healthcare Professional Profile","description":"The user profile of an Healthcare Professional in the CARA Platform.","isExample":false,"groupingId":"-str-profile"},{"extension":[{"url":"http://hl7.org/fhir/tools/StructureDefinition/resource-sort","valueInteger":999999999},{"url":"http://hl7.org/fhir/StructureDefinition/implementationguide-page","valueUri":"StructureDefinition-cara-local-profile.html"}],"reference":{"reference":"StructureDefinition/cara-local-profile"},"name":"CARA - Local Profile","description":"The user profile of a local user in the CARA Platform.","isExample":false,"groupingId":"-str-profile"},{"extension":[{"url":"http://hl7.org/fhir/tools/StructureDefinition/resource-sort","valueInteger":999999999},{"url":"http://hl7.org/fhir/StructureDefinition/implementationguide-page","valueUri":"StructureDefinition-cara-patient-profile.html"}],"reference":{"reference":"StructureDefinition/cara-patient-profile"},"name":"CARA - Patient Profile","description":"The user profile of a Patient in the CARA Platform.","isExample":false,"groupingId":"-str-profile"},{"extension":[{"url":"http://hl7.org/fhir/tools/StructureDefinition/resource-sort","valueInteger":999999999},{"url":"http://hl7.org/fhir/StructureDefinition/implementationguide-page","valueUri":"StructureDefinition-scp-careplan.html"}],"reference":{"reference":"StructureDefinition/scp-careplan"},"name":"SCP - Care Plan","description":"The Care Plan of a Shared Care Plan.","isExample":false,"groupingId":"-str-profile"},{"extension":[{"url":"http://hl7.org/fhir/tools/StructureDefinition/resource-sort","valueInteger":999999999},{"url":"http://hl7.org/fhir/StructureDefinition/implementationguide-page","valueUri":"StructureDefinition-scp-careteam.html"}],"reference":{"reference":"StructureDefinition/scp-careteam"},"name":"SCP - Care Team","description":"The Care Team of a Shared Care Plan.","isExample":false,"groupingId":"-str-profile"},{"extension":[{"url":"http://hl7.org/fhir/tools/StructureDefinition/resource-sort","valueInteger":999999999},{"url":"http://hl7.org/fhir/StructureDefinition/implementationguide-page","valueUri":"StructureDefinition-scp-contact.html"}],"reference":{"reference":"StructureDefinition/scp-contact"},"name":"SCP - Contact","description":"A contact person of a Shared Care Plan.","isExample":false,"groupingId":"-str-profile"},{"extension":[{"url":"http://hl7.org/fhir/tools/StructureDefinition/resource-sort","valueInteger":999999999},{"url":"http://hl7.org/fhir/StructureDefinition/implementationguide-page","valueUri":"StructureDefinition-scp-contextualdata.html"}],"reference":{"reference":"StructureDefinition/scp-contextualdata"},"name":"SCP - Contextual Data","description":"The Contextual Data resource is used to capture the contextual information of a Shared Care Plan.","isExample":false,"groupingId":"-str-profile"},{"extension":[{"url":"http://hl7.org/fhir/tools/StructureDefinition/resource-sort","valueInteger":999999999},{"url":"http://hl7.org/fhir/StructureDefinition/implementationguide-page","valueUri":"StructureDefinition-scp-external-observation.html"}],"reference":{"reference":"StructureDefinition/scp-external-observation"},"name":"SCP - External Observaton","description":"The Observaton of a Shared Care Plan coming from third parties.","isExample":false,"groupingId":"-str-profile"},{"extension":[{"url":"http://hl7.org/fhir/tools/StructureDefinition/resource-sort","valueInteger":999999999},{"url":"http://hl7.org/fhir/StructureDefinition/implementationguide-page","valueUri":"StructureDefinition-scp-goal.html"}],"reference":{"reference":"StructureDefinition/scp-goal"},"name":"SCP - Goal","description":"The Goal of a Shared Care Plan.","isExample":false,"groupingId":"-str-profile"},{"extension":[{"url":"http://hl7.org/fhir/tools/StructureDefinition/resource-sort","valueInteger":999999999},{"url":"http://hl7.org/fhir/StructureDefinition/implementationguide-page","valueUri":"StructureDefinition-scp-observation.html"}],"reference":{"reference":"StructureDefinition/scp-observation"},"name":"SCP - Observaton","description":"The Observaton of a Shared Care Plan.","isExample":false,"groupingId":"-str-profile"},{"extension":[{"url":"http://hl7.org/fhir/tools/StructureDefinition/resource-sort","valueInteger":999999999},{"url":"http://hl7.org/fhir/StructureDefinition/implementationguide-page","valueUri":"StructureDefinition-scp-teammember-practitioner.html"}],"reference":{"reference":"StructureDefinition/scp-teammember-practitioner"},"name":"SCP - Team Member - Practitioner","description":"The Team Member of a Shared Care Plan with the profile Healthcare Professional.","isExample":false,"groupingId":"-str-profile"},{"extension":[{"url":"http://hl7.org/fhir/tools/StructureDefinition/resource-sort","valueInteger":999999999},{"url":"http://hl7.org/fhir/StructureDefinition/implementationguide-page","valueUri":"StructureDefinition-scp-teammember-relatedperson.html"}],"reference":{"reference":"StructureDefinition/scp-teammember-relatedperson"},"name":"SCP - Team Member - Related Person","description":"The Team Member of a Shared Care Plan with the profile Caregiver.","isExample":false,"groupingId":"-str-profile"},{"extension":[{"url":"http://hl7.org/fhir/tools/StructureDefinition/resource-sort","valueInteger":999999999},{"url":"http://hl7.org/fhir/StructureDefinition/implementationguide-page","valueUri":"StructureDefinition-cara-application-invitation-application.html"}],"reference":{"reference":"StructureDefinition/cara-application-invitation-application"},"name":"CARA - Application Invitation - Application","description":"The target of the invitation.","isExample":false,"groupingId":"-str-extension"},{"extension":[{"url":"http://hl7.org/fhir/tools/StructureDefinition/resource-sort","valueInteger":999999999},{"url":"http://hl7.org/fhir/StructureDefinition/implementationguide-page","valueUri":"StructureDefinition-cara-application-invitation-firstName.html"}],"reference":{"reference":"StructureDefinition/cara-application-invitation-firstName"},"name":"CARA - Application Invitation - First name","description":"The MPI-ID of the patient who invited.","isExample":false,"groupingId":"-str-extension"},{"extension":[{"url":"http://hl7.org/fhir/tools/StructureDefinition/resource-sort","valueInteger":999999999},{"url":"http://hl7.org/fhir/StructureDefinition/implementationguide-page","valueUri":"StructureDefinition-cara-application-invitation-lastName.html"}],"reference":{"reference":"StructureDefinition/cara-application-invitation-lastName"},"name":"CARA - Application Invitation - Last name","description":"The lastname of the patient who invited.","isExample":false,"groupingId":"-str-extension"},{"extension":[{"url":"http://hl7.org/fhir/tools/StructureDefinition/resource-sort","valueInteger":999999999},{"url":"http://hl7.org/fhir/StructureDefinition/implementationguide-page","valueUri":"StructureDefinition-cara-application-invitation-mpiIdUrn.html"}],"reference":{"reference":"StructureDefinition/cara-application-invitation-mpiIdUrn"},"name":"CARA - Application Invitation - MPI-ID","description":"The MPI-ID of the patient who invited.","isExample":false,"groupingId":"-str-extension"},{"extension":[{"url":"http://hl7.org/fhir/tools/StructureDefinition/resource-sort","valueInteger":999999999},{"url":"http://hl7.org/fhir/StructureDefinition/implementationguide-page","valueUri":"StructureDefinition-scp-careteam-participant-comment.html"}],"reference":{"reference":"StructureDefinition/scp-careteam-participant-comment"},"name":"SCP - Care Team - Comment","description":"Human readable comment of a participant.","isExample":false,"groupingId":"-str-extension"},{"extension":[{"url":"http://hl7.org/fhir/tools/StructureDefinition/resource-sort","valueInteger":999999999},{"url":"http://hl7.org/fhir/StructureDefinition/implementationguide-page","valueUri":"StructureDefinition-scp-careteam-participant-iscoordinator.html"}],"reference":{"reference":"StructureDefinition/scp-careteam-participant-iscoordinator"},"name":"SCP - Care Team - Coordinator","description":"Flag to identify coordinators of a Shared Care Plan.","isExample":false,"groupingId":"-str-extension"},{"extension":[{"url":"http://hl7.org/fhir/tools/StructureDefinition/resource-sort","valueInteger":999999999},{"url":"http://hl7.org/fhir/StructureDefinition/implementationguide-page","valueUri":"StructureDefinition-scp-careteam-participant-ismanager.html"}],"reference":{"reference":"StructureDefinition/scp-careteam-participant-ismanager"},"name":"SCP - Care Team - Manager","description":"Flag to identify managers of a Shared Care Plan.","isExample":false,"groupingId":"-str-extension"},{"extension":[{"url":"http://hl7.org/fhir/tools/StructureDefinition/resource-sort","valueInteger":999999999},{"url":"http://hl7.org/fhir/StructureDefinition/implementationguide-page","valueUri":"StructureDefinition-scp-contextualdata-ismanager.html"}],"reference":{"reference":"StructureDefinition/scp-contextualdata-ismanager"},"name":"SCP - Care Team - Manager","description":"Flag to identify managers of a Shared Care Plan.","isExample":false,"groupingId":"-str-extension"},{"extension":[{"url":"http://hl7.org/fhir/tools/StructureDefinition/resource-sort","valueInteger":999999999},{"url":"http://hl7.org/fhir/StructureDefinition/implementationguide-page","valueUri":"StructureDefinition-scp-contact-comment.html"}],"reference":{"reference":"StructureDefinition/scp-contact-comment"},"name":"SCP - Contact - Comment","description":"Additional information about the contact person.","isExample":false,"groupingId":"-str-extension"},{"extension":[{"url":"http://hl7.org/fhir/tools/StructureDefinition/resource-sort","valueInteger":999999999},{"url":"http://hl7.org/fhir/StructureDefinition/implementationguide-page","valueUri":"StructureDefinition-scp-contact-emergency.html"}],"reference":{"reference":"StructureDefinition/scp-contact-emergency"},"name":"SCP - Contact - Emergency","description":"Flag to identify emergency contacts of a Shared Care Plan.","isExample":false,"groupingId":"-str-extension"},{"extension":[{"url":"http://hl7.org/fhir/tools/StructureDefinition/resource-sort","valueInteger":999999999},{"url":"http://hl7.org/fhir/StructureDefinition/implementationguide-page","valueUri":"StructureDefinition-scp-contact-relationship.html"}],"reference":{"reference":"StructureDefinition/scp-contact-relationship"},"name":"SCP - Contact - Relationship","description":"The kind of relationship to the patient.","isExample":false,"groupingId":"-str-extension"},{"extension":[{"url":"http://hl7.org/fhir/tools/StructureDefinition/resource-sort","valueInteger":999999999},{"url":"http://hl7.org/fhir/StructureDefinition/implementationguide-page","valueUri":"StructureDefinition-scp-goal-target-status.html"}],"reference":{"reference":"StructureDefinition/scp-goal-target-status"},"name":"SCP - Goal - Target Status","description":"Flag to identify the statis of a target.","isExample":false,"groupingId":"-str-extension"},{"extension":[{"url":"http://hl7.org/fhir/tools/StructureDefinition/resource-sort","valueInteger":999999999},{"url":"http://hl7.org/fhir/StructureDefinition/implementationguide-page","valueUri":"ValueSet-cara-platform-loacle.html"}],"reference":{"reference":"ValueSet/cara-platform-loacle"},"name":"CARA - Platform Locales","description":"The locales of the CARA Platform.","isExample":false,"groupingId":"-term-valueset"},{"extension":[{"url":"http://hl7.org/fhir/tools/StructureDefinition/resource-sort","valueInteger":999999999},{"url":"http://hl7.org/fhir/StructureDefinition/implementationguide-page","valueUri":"ValueSet-cara-platform-namespace.html"}],"reference":{"reference":"ValueSet/cara-platform-namespace"},"name":"CARA - Platform Namespaces","description":"The Namespace of the CAR Platforme.","isExample":false,"groupingId":"-term-valueset"},{"extension":[{"url":"http://hl7.org/fhir/tools/StructureDefinition/resource-sort","valueInteger":999999999},{"url":"http://hl7.org/fhir/StructureDefinition/implementationguide-page","valueUri":"ValueSet-scp-contextualdata-type.html"}],"reference":{"reference":"ValueSet/scp-contextualdata-type"},"name":"SCP - Contextual Data Type","description":"The selection of concepts for the Contextual Data Type of a SCP Contextual Data.","isExample":false,"groupingId":"-term-valueset"},{"extension":[{"url":"http://hl7.org/fhir/tools/StructureDefinition/resource-sort","valueInteger":999999999},{"url":"http://hl7.org/fhir/StructureDefinition/implementationguide-page","valueUri":"ValueSet-scp-goal-type.html"}],"reference":{"reference":"ValueSet/scp-goal-type"},"name":"SCP - Goal Type","description":"The selection of concepts for the Goal Type of a SCP Goal.","isExample":false,"groupingId":"-term-valueset"},{"extension":[{"url":"http://hl7.org/fhir/tools/StructureDefinition/resource-sort","valueInteger":999999999},{"url":"http://hl7.org/fhir/StructureDefinition/implementationguide-page","valueUri":"ValueSet-scp-target-type.html"}],"reference":{"reference":"ValueSet/scp-target-type"},"name":"SCP - Parameter Type","description":"The selection of concepts for the Target Type of a SCP Goal.","isExample":false,"groupingId":"-term-valueset"},{"extension":[{"url":"http://hl7.org/fhir/tools/StructureDefinition/resource-sort","valueInteger":999999999},{"url":"http://hl7.org/fhir/StructureDefinition/implementationguide-page","valueUri":"CodeSystem-CaraBasicResourceType.html"}],"reference":{"reference":"CodeSystem/CaraBasicResourceType"},"name":"CARA - Custom Basic Resource Types","description":"Provide the custom basic resource types handled by the CARA Platform.","isExample":false,"groupingId":"-term-codesystem"},{"extension":[{"url":"http://hl7.org/fhir/tools/StructureDefinition/resource-sort","valueInteger":999999999},{"url":"http://hl7.org/fhir/StructureDefinition/implementationguide-page","valueUri":"CodeSystem-FhirvaultNamespace.html"}],"reference":{"reference":"CodeSystem/FhirvaultNamespace"},"name":"CARA - FHIR Vault Namespace","description":"The namespaces of the CARA Platform.","isExample":false,"groupingId":"-term-codesystem"},{"extension":[{"url":"http://hl7.org/fhir/tools/StructureDefinition/resource-sort","valueInteger":999999999},{"url":"http://hl7.org/fhir/StructureDefinition/implementationguide-page","valueUri":"CodeSystem-CaraLocale.html"}],"reference":{"reference":"CodeSystem/CaraLocale"},"name":"CARA - Locales","description":"Provide the official Locales managed by the CARA Platform.","isExample":false,"groupingId":"-term-codesystem"},{"extension":[{"url":"http://hl7.org/fhir/tools/StructureDefinition/resource-sort","valueInteger":999999999},{"url":"http://hl7.org/fhir/StructureDefinition/implementationguide-page","valueUri":"CodeSystem-ScpSnomedCompositionSection.html"}],"reference":{"reference":"CodeSystem/ScpSnomedCompositionSection"},"name":"SCP - Composition Section Type - SNOMED CT","description":"Selection of Concepts coming from SNOMED CT","isExample":false,"groupingId":"-term-codesystem"},{"extension":[{"url":"http://hl7.org/fhir/tools/StructureDefinition/resource-sort","valueInteger":999999999},{"url":"http://hl7.org/fhir/StructureDefinition/implementationguide-page","valueUri":"CodeSystem-ScpCustomGoalType.html"}],"reference":{"reference":"CodeSystem/ScpCustomGoalType"},"name":"SCP - Goal Type - Custom","description":"Definition of custom concepts for goal types.","isExample":false,"groupingId":"-term-codesystem"},{"extension":[{"url":"http://hl7.org/fhir/tools/StructureDefinition/resource-sort","valueInteger":999999999},{"url":"http://hl7.org/fhir/StructureDefinition/implementationguide-page","valueUri":"CodeSystem-ScpLoincCompositionSection.html"}],"reference":{"reference":"CodeSystem/ScpLoincCompositionSection"},"name":"SCP - Goal Type - LOINC","description":"Selection of Concepts coming from LOINC","isExample":false,"groupingId":"-term-codesystem"},{"extension":[{"url":"http://hl7.org/fhir/tools/StructureDefinition/resource-sort","valueInteger":999999999},{"url":"http://hl7.org/fhir/StructureDefinition/implementationguide-page","valueUri":"CodeSystem-ScpSnomedParameterGroup.html"}],"reference":{"reference":"CodeSystem/ScpSnomedParameterGroup"},"name":"SCP - Parameter Group - SNOMED CT","description":"Selection of Concepts coming from SNOMED CT","isExample":false,"groupingId":"-term-codesystem"},{"extension":[{"url":"http://hl7.org/fhir/tools/StructureDefinition/resource-sort","valueInteger":999999999},{"url":"http://hl7.org/fhir/StructureDefinition/implementationguide-page","valueUri":"CodeSystem-ScpSnomedParameterType.html"}],"reference":{"reference":"CodeSystem/ScpSnomedParameterType"},"name":"SCP - Parameter Type - SNOMED CT","description":"Selection of Concepts coming from SNOMED CT","isExample":false,"groupingId":"-term-codesystem"},{"extension":[{"url":"http://hl7.org/fhir/tools/StructureDefinition/resource-sort","valueInteger":999999999},{"url":"http://hl7.org/fhir/StructureDefinition/implementationguide-page","valueUri":"Patient-AliceProfile.html"}],"reference":{"reference":"Patient/AliceProfile"},"name":"AliceProfile","description":"The Patient Profile of Alice, a patient.","profile":["https://terminology.cara.ch/StructureDefinition/cara-patient-profile"],"groupingId":"-ex-example"},{"extension":[{"url":"http://hl7.org/fhir/tools/StructureDefinition/resource-sort","valueInteger":999999999},{"url":"http://hl7.org/fhir/StructureDefinition/implementationguide-page","valueUri":"Practitioner-BobProfile.html"}],"reference":{"reference":"Practitioner/BobProfile"},"name":"BobProfile","description":"The Healthcare Professional Profile of Bob, an Healthcare Professional.","profile":["https://terminology.cara.ch/StructureDefinition/cara-healthcare-professional-profile"],"groupingId":"-ex-example"},{"extension":[{"url":"http://hl7.org/fhir/tools/StructureDefinition/resource-sort","valueInteger":999999999},{"url":"http://hl7.org/fhir/StructureDefinition/implementationguide-page","valueUri":"Person-EveProfile.html"}],"reference":{"reference":"Person/EveProfile"},"name":"EveProfile","description":"The Local Profile of Eve, a local user.","profile":["https://terminology.cara.ch/StructureDefinition/cara-local-profile"],"groupingId":"-ex-example"},{"extension":[{"url":"http://hl7.org/fhir/tools/StructureDefinition/resource-sort","valueInteger":999999999},{"url":"http://hl7.org/fhir/StructureDefinition/implementationguide-page","valueUri":"Basic-ScpInvitation.html"}],"reference":{"reference":"Basic/ScpInvitation"},"name":"ScpInvitation","description":"The Application Invitation to join the Alice Shared Care Plan.","profile":["https://terminology.cara.ch/StructureDefinition/cara-invitation"],"groupingId":"-ex-example"}],"page":{"sourceUrl":"toc.html","name":"toc.html","title":"Table of Contents","generation":"html","page":[{"sourceUrl":"index.html","name":"index.html","title":"Home","generation":"markdown"},{"sourceUrl":"domains.html","name":"domains.html","title":"Domains","generation":"markdown"},{"sourceUrl":"integration.html","name":"integration.html","title":"Integration","generation":"markdown"},{"sourceUrl":"artifacts.html","name":"artifacts.html","title":"Artifacts Summary","generation":"html","page":[{"sourceUrl":"StructureDefinition-cara-invitation.html","name":"StructureDefinition-cara-invitation.html","title":"CARA - Application Invitation","generation":"generated"},{"sourceUrl":"StructureDefinition-cara-healthcare-professional-profile.html","name":"StructureDefinition-cara-healthcare-professional-profile.html","title":"CARA - Healthcare Professional Profile","generation":"generated"},{"sourceUrl":"StructureDefinition-cara-local-profile.html","name":"StructureDefinition-cara-local-profile.html","title":"CARA - Local Profile","generation":"generated"},{"sourceUrl":"StructureDefinition-cara-patient-profile.html","name":"StructureDefinition-cara-patient-profile.html","title":"CARA - Patient Profile","generation":"generated"},{"sourceUrl":"StructureDefinition-scp-careplan.html","name":"StructureDefinition-scp-careplan.html","title":"SCP - Care Plan","generation":"generated"},{"sourceUrl":"StructureDefinition-scp-careteam.html","name":"StructureDefinition-scp-careteam.html","title":"SCP - Care Team","generation":"generated"},{"sourceUrl":"StructureDefinition-scp-contact.html","name":"StructureDefinition-scp-contact.html","title":"SCP - Contact","generation":"generated"},{"sourceUrl":"StructureDefinition-scp-contextualdata.html","name":"StructureDefinition-scp-contextualdata.html","title":"SCP - Contextual Data","generation":"generated"},{"sourceUrl":"StructureDefinition-scp-external-observation.html","name":"StructureDefinition-scp-external-observation.html","title":"SCP - External Observaton","generation":"generated"},{"sourceUrl":"StructureDefinition-scp-goal.html","name":"StructureDefinition-scp-goal.html","title":"SCP - Goal","generation":"generated"},{"sourceUrl":"StructureDefinition-scp-observation.html","name":"StructureDefinition-scp-observation.html","title":"SCP - Observaton","generation":"generated"},{"sourceUrl":"StructureDefinition-scp-teammember-practitioner.html","name":"StructureDefinition-scp-teammember-practitioner.html","title":"SCP - Team Member - Practitioner","generation":"generated"},{"sourceUrl":"StructureDefinition-scp-teammember-relatedperson.html","name":"StructureDefinition-scp-teammember-relatedperson.html","title":"SCP - Team Member - Related Person","generation":"generated"},{"sourceUrl":"StructureDefinition-cara-application-invitation-application.html","name":"StructureDefinition-cara-application-invitation-application.html","title":"CARA - Application Invitation - Application","generation":"generated"},{"sourceUrl":"StructureDefinition-cara-application-invitation-firstName.html","name":"StructureDefinition-cara-application-invitation-firstName.html","title":"CARA - Application Invitation - First name","generation":"generated"},{"sourceUrl":"StructureDefinition-cara-application-invitation-lastName.html","name":"StructureDefinition-cara-application-invitation-lastName.html","title":"CARA - Application Invitation - Last name","generation":"generated"},{"sourceUrl":"StructureDefinition-cara-application-invitation-mpiIdUrn.html","name":"StructureDefinition-cara-application-invitation-mpiIdUrn.html","title":"CARA - Application Invitation - MPI-ID","generation":"generated"},{"sourceUrl":"StructureDefinition-scp-careteam-participant-comment.html","name":"StructureDefinition-scp-careteam-participant-comment.html","title":"SCP - Care Team - Comment","generation":"generated"},{"sourceUrl":"StructureDefinition-scp-careteam-participant-iscoordinator.html","name":"StructureDefinition-scp-careteam-participant-iscoordinator.html","title":"SCP - Care Team - Coordinator","generation":"generated"},{"sourceUrl":"StructureDefinition-scp-careteam-participant-ismanager.html","name":"StructureDefinition-scp-careteam-participant-ismanager.html","title":"SCP - Care Team - Manager","generation":"generated"},{"sourceUrl":"StructureDefinition-scp-contextualdata-ismanager.html","name":"StructureDefinition-scp-contextualdata-ismanager.html","title":"SCP - Care Team - Manager","generation":"generated"},{"sourceUrl":"StructureDefinition-scp-contact-comment.html","name":"StructureDefinition-scp-contact-comment.html","title":"SCP - Contact - Comment","generation":"generated"},{"sourceUrl":"StructureDefinition-scp-contact-emergency.html","name":"StructureDefinition-scp-contact-emergency.html","title":"SCP - Contact - Emergency","generation":"generated"},{"sourceUrl":"StructureDefinition-scp-contact-relationship.html","name":"StructureDefinition-scp-contact-relationship.html","title":"SCP - Contact - Relationship","generation":"generated"},{"sourceUrl":"StructureDefinition-scp-goal-target-status.html","name":"StructureDefinition-scp-goal-target-status.html","title":"SCP - Goal - Target Status","generation":"generated"},{"sourceUrl":"ValueSet-cara-platform-loacle.html","name":"ValueSet-cara-platform-loacle.html","title":"CARA - Platform Locales","generation":"generated"},{"sourceUrl":"ValueSet-cara-platform-namespace.html","name":"ValueSet-cara-platform-namespace.html","title":"CARA - Platform Namespaces","generation":"generated"},{"sourceUrl":"ValueSet-scp-contextualdata-type.html","name":"ValueSet-scp-contextualdata-type.html","title":"SCP - Contextual Data Type","generation":"generated"},{"sourceUrl":"ValueSet-scp-goal-type.html","name":"ValueSet-scp-goal-type.html","title":"SCP - Goal Type","generation":"generated"},{"sourceUrl":"ValueSet-scp-target-type.html","name":"ValueSet-scp-target-type.html","title":"SCP - Parameter Type","generation":"generated"},{"sourceUrl":"CodeSystem-CaraBasicResourceType.html","name":"CodeSystem-CaraBasicResourceType.html","title":"CARA - Custom Basic Resource Types","generation":"generated"},{"sourceUrl":"CodeSystem-FhirvaultNamespace.html","name":"CodeSystem-FhirvaultNamespace.html","title":"CARA - FHIR Vault Namespace","generation":"generated"},{"sourceUrl":"CodeSystem-CaraLocale.html","name":"CodeSystem-CaraLocale.html","title":"CARA - Locales","generation":"generated"},{"sourceUrl":"CodeSystem-ScpSnomedCompositionSection.html","name":"CodeSystem-ScpSnomedCompositionSection.html","title":"SCP - Composition Section Type - SNOMED CT","generation":"generated"},{"sourceUrl":"CodeSystem-ScpCustomGoalType.html","name":"CodeSystem-ScpCustomGoalType.html","title":"SCP - Goal Type - Custom","generation":"generated"},{"sourceUrl":"CodeSystem-ScpLoincCompositionSection.html","name":"CodeSystem-ScpLoincCompositionSection.html","title":"SCP - Goal Type - LOINC","generation":"generated"},{"sourceUrl":"CodeSystem-ScpSnomedParameterGroup.html","name":"CodeSystem-ScpSnomedParameterGroup.html","title":"SCP - Parameter Group - SNOMED CT","generation":"generated"},{"sourceUrl":"CodeSystem-ScpSnomedParameterType.html","name":"CodeSystem-ScpSnomedParameterType.html","title":"SCP - Parameter Type - SNOMED CT","generation":"generated"},{"sourceUrl":"Patient-AliceProfile.html","name":"Patient-AliceProfile.html","title":"AliceProfile","generation":"generated"},{"sourceUrl":"Practitioner-BobProfile.html","name":"Practitioner-BobProfile.html","title":"BobProfile","generation":"generated"},{"sourceUrl":"Person-EveProfile.html","name":"Person-EveProfile.html","title":"EveProfile","generation":"generated"},{"sourceUrl":"Basic-ScpInvitation.html","name":"Basic-ScpInvitation.html","title":"ScpInvitation","generation":"generated"}]}]},"parameter":[{"code":{"system":"http://hl7.org/fhir/tools/CodeSystem/ig-parameters","code":"copyrightyear"},"value":"2023+"},{"code":{"system":"http://hl7.org/fhir/tools/CodeSystem/ig-parameters","code":"releaselabel"},"value":"ci-build"},{"code":{"system":"http://hl7.org/fhir/tools/CodeSystem/ig-parameters","code":"autoload-resources"},"value":"true"},{"code":{"system":"http://hl7.org/fhir/guide-parameter-code","code":"path-resource"},"value":"input/capabilities"},{"code":{"system":"http://hl7.org/fhir/guide-parameter-code","code":"path-resource"},"value":"input/examples"},{"code":{"system":"http://hl7.org/fhir/guide-parameter-code","code":"path-resource"},"value":"input/extensions"},{"code":{"system":"http://hl7.org/fhir/guide-parameter-code","code":"path-resource"},"value":"input/models"},{"code":{"system":"http://hl7.org/fhir/guide-parameter-code","code":"path-resource"},"value":"input/operations"},{"code":{"system":"http://hl7.org/fhir/guide-parameter-code","code":"path-resource"},"value":"input/profiles"},{"code":{"system":"http://hl7.org/fhir/guide-parameter-code","code":"path-resource"},"value":"input/resources"},{"code":{"system":"http://hl7.org/fhir/guide-parameter-code","code":"path-resource"},"value":"input/vocabulary"},{"code":{"system":"http://hl7.org/fhir/guide-parameter-code","code":"path-resource"},"value":"input/maps"},{"code":{"system":"http://hl7.org/fhir/guide-parameter-code","code":"path-resource"},"value":"input/testing"},{"code":{"system":"http://hl7.org/fhir/guide-parameter-code","code":"path-resource"},"value":"input/history"},{"code":{"system":"http://hl7.org/fhir/guide-parameter-code","code":"path-resource"},"value":"fsh-generated/resources"},{"code":{"system":"http://hl7.org/fhir/guide-parameter-code","code":"path-pages"},"value":"template/config"},{"code":{"system":"http://hl7.org/fhir/guide-parameter-code","code":"path-pages"},"value":"input/images"},{"code":{"system":"http://hl7.org/fhir/tools/CodeSystem/ig-parameters","code":"path-liquid"},"value":"template/liquid"},{"code":{"system":"http://hl7.org/fhir/tools/CodeSystem/ig-parameters","code":"path-liquid"},"value":"input/liquid"},{"code":{"system":"http://hl7.org/fhir/tools/CodeSystem/ig-parameters","code":"path-qa"},"value":"temp/qa"},{"code":{"system":"http://hl7.org/fhir/tools/CodeSystem/ig-parameters","code":"path-temp"},"value":"temp/pages"},{"code":{"system":"http://hl7.org/fhir/tools/CodeSystem/ig-parameters","code":"path-output"},"value":"output"},{"code":{"system":"http://hl7.org/fhir/guide-parameter-code","code":"path-tx-cache"},"value":"input-cache/txcache"},{"code":{"system":"http://hl7.org/fhir/tools/CodeSystem/ig-parameters","code":"path-suppressed-warnings"},"value":"input/ignoreWarnings.txt"},{"code":{"system":"http://hl7.org/fhir/tools/CodeSystem/ig-parameters","code":"path-history"},"value":"https://terminology.cara.ch/history.html"},{"code":{"system":"http://hl7.org/fhir/tools/CodeSystem/ig-parameters","code":"template-html"},"value":"template-page.html"},{"code":{"system":"http://hl7.org/fhir/tools/CodeSystem/ig-parameters","code":"template-md"},"value":"template-page-md.html"},{"code":{"system":"http://hl7.org/fhir/tools/CodeSystem/ig-parameters","code":"apply-contact"},"value":"true"},{"code":{"system":"http://hl7.org/fhir/tools/CodeSystem/ig-parameters","code":"apply-context"},"value":"true"},{"code":{"system":"http://hl7.org/fhir/tools/CodeSystem/ig-parameters","code":"apply-copyright"},"value":"true"},{"code":{"system":"http://hl7.org/fhir/tools/CodeSystem/ig-parameters","code":"apply-jurisdiction"},"value":"true"},{"code":{"system":"http://hl7.org/fhir/tools/CodeSystem/ig-parameters","code":"apply-license"},"value":"true"},{"code":{"system":"http://hl7.org/fhir/tools/CodeSystem/ig-parameters","code":"apply-publisher"},"value":"true"},{"code":{"system":"http://hl7.org/fhir/tools/CodeSystem/ig-parameters","code":"apply-version"},"value":"true"},{"code":{"system":"http://hl7.org/fhir/tools/CodeSystem/ig-parameters","code":"apply-wg"},"value":"true"},{"code":{"system":"http://hl7.org/fhir/tools/CodeSystem/ig-parameters","code":"active-tables"},"value":"true"},{"code":{"system":"http://hl7.org/fhir/tools/CodeSystem/ig-parameters","code":"fmm-definition"},"value":"http://hl7.org/fhir/versions.html#maturity"},{"code":{"system":"http://hl7.org/fhir/tools/CodeSystem/ig-parameters","code":"propagate-status"},"value":"true"},{"code":{"system":"http://hl7.org/fhir/tools/CodeSystem/ig-parameters","code":"excludelogbinaryformat"},"value":"true"},{"code":{"system":"http://hl7.org/fhir/tools/CodeSystem/ig-parameters","code":"tabbed-snapshots"},"value":"true"}]}}