{"resourceType":"ValueSet","id":"cara-platform-namespace","text":{"status":"generated","div":"<div xmlns=\"http://www.w3.org/1999/xhtml\"><ul><li>Include all codes defined in <a href=\"CodeSystem-FhirvaultNamespace.html\"><code>https://terminology.cara.ch/CodeSystem/fhirvault-namespace</code></a></li></ul></div>"},"url":"https://terminology.cara.ch/ValueSet/cara-platform-namespace","version":"0.1.0","name":"CaraPlatformNamespace","title":"CARA - Platform Namespaces","status":"draft","date":"2023-09-27T16:22:28+02:00","publisher":"CARA","contact":[{"name":"CARA","telecom":[{"system":"url","value":"https://www.cara.ch"}]}],"description":"The Namespace of the CAR Platforme.","compose":{"include":[{"system":"https://terminology.cara.ch/CodeSystem/fhirvault-namespace"}]}}