{"resourceType":"ValueSet","id":"scp-contextualdata-type","text":{"status":"generated","div":"<div xmlns=\"http://www.w3.org/1999/xhtml\"><p>This value set includes codes based on the following rules:</p><ul><li>Include all codes defined in <a href=\"CodeSystem-ScpLoincCompositionSection.html\"><code>https://terminology.cara.ch/CodeSystem/scp-loinc-composition-section</code></a></li><li>Include all codes defined in <a href=\"CodeSystem-ScpSnomedCompositionSection.html\"><code>https://terminology.cara.ch/CodeSystem/scp-snomed-composition-section</code></a></li></ul></div>"},"url":"https://terminology.cara.ch/ValueSet/scp-contextualdata-type","version":"0.1.0","name":"ScpContextualDataType","title":"SCP - Contextual Data Type","status":"draft","date":"2023-09-27T16:22:28+02:00","publisher":"CARA","contact":[{"name":"CARA","telecom":[{"system":"url","value":"https://www.cara.ch"}]}],"description":"The selection of concepts for the Contextual Data Type of a SCP Contextual Data.","compose":{"include":[{"system":"https://terminology.cara.ch/CodeSystem/scp-loinc-composition-section"},{"system":"https://terminology.cara.ch/CodeSystem/scp-snomed-composition-section"}]}}