{
  "resourceType" : "CodeSystem",
  "id" : "ScpSnomedParameterGroup",
  "text" : {
    "status" : "generated",
    "div" : "<div xmlns=\"http://www.w3.org/1999/xhtml\">Placeholder</div>"
  },
  "url" : "https://terminology.cara.ch/CodeSystem/scp-parameter-group",
  "version" : "0.1.0",
  "name" : "ScpSnomedParameterGroup",
  "title" : "SCP - Parameter Group - SNOMED CT",
  "status" : "draft",
  "experimental" : true,
  "date" : "2023-09-27T16:22:28+02:00",
  "publisher" : "CARA",
  "contact" : [{
    "name" : "CARA",
    "telecom" : [{
      "system" : "url",
      "value" : "https://www.cara.ch"
    }]
  }],
  "description" : "Selection of Concepts coming from SNOMED CT",
  "caseSensitive" : true,
  "content" : "complete",
  "concept" : [{
    "code" : "75367002",
    "display" : "Blood pressure",
    "designation" : [{
      "language" : "fr-CH",
      "value" : "Pression artérielle"
    },
    {
      "language" : "de-CH",
      "value" : "Blutdruck"
    },
    {
      "language" : "rm-CH",
      "value" : "Pressiun dal sang"
    },
    {
      "language" : "it-CH",
      "value" : "Pressione sanguigna"
    },
    {
      "language" : "en-US",
      "value" : "Blood Pressure"
    }]
  },
  {
    "code" : "1020831000000109",
    "display" : "Lipid level",
    "designation" : [{
      "language" : "de-CH",
      "value" : "Lipidspiegel"
    },
    {
      "language" : "fr-CH",
      "value" : "Niveau de lipides"
    },
    {
      "language" : "it-CH",
      "value" : "Livello di lipidi"
    },
    {
      "language" : "rm-CH",
      "value" : "Livello da lipids"
    },
    {
      "language" : "en-US",
      "value" : "Lipid Level"
    }]
  }]
}