{
  "resourceType" : "CodeSystem",
  "id" : "CaraBasicResourceType",
  "text" : {
    "status" : "generated",
    "div" : "<div xmlns=\"http://www.w3.org/1999/xhtml\">Placeholder</div>"
  },
  "url" : "https://terminology.cara.ch/CodeSystem/basic-resource-type",
  "version" : "0.1.0",
  "name" : "CaraBasicResourceType",
  "title" : "CARA - Custom Basic Resource Types",
  "status" : "draft",
  "experimental" : true,
  "date" : "2023-09-27T16:22:28+02:00",
  "publisher" : "CARA",
  "contact" : [{
    "name" : "CARA",
    "telecom" : [{
      "system" : "url",
      "value" : "https://www.cara.ch"
    }]
  }],
  "description" : "Provide the custom basic resource types handled by the CARA Platform.",
  "caseSensitive" : true,
  "content" : "complete",
  "concept" : [{
    "code" : "application-invitation-profile",
    "display" : "Application Invitation Profile",
    "designation" : [{
      "language" : "en-US",
      "value" : "CARA - Application Invitation"
    },
    {
      "language" : "rm-CH",
      "value" : "CARA - Invitaziun a l'applicaziun"
    },
    {
      "language" : "de-CH",
      "value" : "CARA - Einladung zur Anwendung"
    },
    {
      "language" : "it-CH",
      "value" : "CARA - Invito all'applicazione"
    },
    {
      "language" : "fr-CH",
      "value" : "CARA - Invitation à l'application"
    }]
  }]
}