{
  "resourceType" : "Practitioner",
  "id" : "BobProfile",
  "meta" : {
    "profile" : ["https://terminology.cara.ch/StructureDefinition/cara-healthcare-professional-profile"],
    "tag" : [{
      "system" : "https://terminology.cara.ch/CodeSystem/fhirvault-namespace",
      "code" : "cara:authx"
    }]
  },
  "text" : {
    "status" : "generated",
    "div" : "<div xmlns=\"http://www.w3.org/1999/xhtml\"><p><b>Generated Narrative: Practitioner</b><a name=\"BobProfile\"> </a></p><div style=\"display: inline-block; background-color: #d9e0e7; padding: 6px; margin: 4px; border: 1px solid #8da1b4; border-radius: 5px; line-height: 60%\"><p style=\"margin-bottom: 0px\">Resource Practitioner &quot;BobProfile&quot; </p><p style=\"margin-bottom: 0px\">Profile: <a href=\"StructureDefinition-cara-healthcare-professional-profile.html\">CARA - Healthcare Professional Profile</a></p><p style=\"margin-bottom: 0px\">Tag: <span title=\"{https://terminology.cara.ch/CodeSystem/fhirvault-namespace https://terminology.cara.ch/CodeSystem/fhirvault-namespace}\">https://terminology.cara.ch/CodeSystem/fhirvault-namespace</span></p></div><p><b>identifier</b>: id:\u00a0urn:cara:account:25c19ea1-9228-4670-9a91-122a9b201032, id:\u00a0urn:cara:account:6468975461</p><p><b>active</b>: true</p><p><b>telecom</b>: <a href=\"mailto:bob@email.local\">bob@email.local</a></p><h3>Communications</h3><table class=\"grid\"><tr><td style=\"display: none\">-</td><td><b>Language</b></td><td><b>Preferred</b></td></tr><tr><td style=\"display: none\">*</td><td>German (Switzerland) <span style=\"background: LightGoldenRodYellow; margin: 4px; border: 1px solid khaki\"> (<a href=\"CodeSystem-CaraLocale.html\">CARA - Locales</a>#de-CH)</span></td><td>true</td></tr></table></div>"
  },
  "identifier" : [{
    "system" : "urn:cara:account",
    "value" : "urn:cara:account:25c19ea1-9228-4670-9a91-122a9b201032"
  },
  {
    "system" : "urn:cara:gln",
    "value" : "urn:cara:account:6468975461"
  }],
  "active" : true,
  "telecom" : [{
    "system" : "email",
    "value" : "bob@email.local"
  }],
  "communication" : [{
    "language" : {
      "coding" : [{
        "system" : "https://terminology.cara.ch/CodeSystem/cara-locale",
        "code" : "de-CH"
      }]
    },
    "preferred" : true
  }]
}